id_student,final_result,active_days,days_to_first_activity,last7_share,phase,phase_start,phase_end,phase_length
6516,Pass,14,0.0,0.21621621621621623,P1,0,19,20
24734,Pass,5,2.0,0.6491228070175439,P1,0,19,20
28061,Pass,9,1.0,0.6859504132231405,P1,0,19,20
31600,Pass,1,18.0,1.0,P1,0,19,20
46844,Pass,5,8.0,0.40789473684210525,P1,0,19,20
52765,Pass,20,0.0,0.39979338842975204,P1,0,19,20
55104,Pass,7,2.0,0.5061728395061729,P1,0,19,20
58071,Pass,17,0.0,0.18619246861924685,P1,0,19,20
58316,Pass,14,2.0,0.6358695652173914,P1,0,19,20
62487,Pass,9,0.0,0.7398843930635838,P1,0,19,20
63165,Pass,12,0.0,0.3007518796992481,P1,0,19,20
65002,Fail,1,10.0,0.0,P1,0,19,20
70011,Pass,15,1.0,0.34615384615384615,P1,0,19,20
75255,Pass,11,3.0,0.3118279569892473,P1,0,19,20
79403,Withdrawn,10,0.0,0.16312056737588654,P1,0,19,20
85092,Pass,2,7.0,0.0,P1,0,19,20
85144,Pass,7,3.0,0.1875,P1,0,19,20
85302,Pass,14,2.0,0.415041782729805,P1,0,19,20
87431,Withdrawn,5,3.0,0.08726415094339622,P1,0,19,20
94961,Pass,7,3.0,0.5384615384615384,P1,0,19,20
95755,Withdrawn,15,0.0,0.448559670781893,P1,0,19,20
101116,Pass,16,1.0,0.19047619047619047,P1,0,19,20
107489,Pass,16,0.0,0.39270687237026647,P1,0,19,20
108872,Pass,10,0.0,0.5350877192982456,P1,0,19,20
109155,Pass,15,0.0,0.1178343949044586,P1,0,19,20
111512,Fail,8,0.0,0.6099290780141844,P1,0,19,20
117818,Pass,10,1.0,0.75,P1,0,19,20
119902,Withdrawn,16,0.0,0.3302752293577982,P1,0,19,20
121349,Pass,9,2.0,0.5416666666666666,P1,0,19,20
125018,Pass,14,0.0,0.37103174603174605,P1,0,19,20
129955,Withdrawn,10,2.0,0.37209302325581395,P1,0,19,20
130034,Pass,12,0.0,0.36904761904761907,P1,0,19,20
130547,Pass,11,0.0,0.4611872146118721,P1,0,19,20
130636,Pass,1,2.0,0.0,P1,0,19,20
131390,Pass,3,10.0,0.13725490196078433,P1,0,19,20
133816,Pass,14,0.0,0.42395437262357416,P1,0,19,20
133922,Pass,6,0.0,0.08823529411764706,P1,0,19,20
135335,Withdrawn,3,9.0,0.5833333333333334,P1,0,19,20
135400,Pass,2,15.0,1.0,P1,0,19,20
139033,Fail,3,10.0,0.8269230769230769,P1,0,19,20
141377,Pass,5,10.0,0.4936708860759494,P1,0,19,20
141506,Fail,9,0.0,0.49767441860465117,P1,0,19,20
146503,Pass,10,1.0,0.2396694214876033,P1,0,19,20
147756,Pass,7,2.0,0.5625,P1,0,19,20
148993,Pass,8,2.0,0.4122137404580153,P1,0,19,20
149741,Pass,12,0.0,0.17336683417085427,P1,0,19,20
149962,Pass,4,10.0,0.782051282051282,P1,0,19,20
151587,Withdrawn,3,6.0,0.45454545454545453,P1,0,19,20
152668,Withdrawn,16,3.0,0.6353887399463807,P1,0,19,20
155984,Pass,6,3.0,0.7975708502024291,P1,0,19,20
158707,Withdrawn,17,0.0,0.2867132867132867,P1,0,19,20
159954,Withdrawn,4,2.0,0.0,P1,0,19,20
164944,Pass,8,0.0,0.8023255813953488,P1,0,19,20
165226,Fail,8,2.0,0.13745704467353953,P1,0,19,20
167961,Pass,13,2.0,0.3087071240105541,P1,0,19,20
174024,Pass,6,2.0,0.2698412698412698,P1,0,19,20
174094,Pass,16,1.0,0.23684210526315788,P1,0,19,20
174745,Pass,6,2.0,0.2764976958525346,P1,0,19,20
175447,Pass,18,0.0,0.10623556581986143,P1,0,19,20
175772,Withdrawn,14,1.0,0.22145804676753783,P1,0,19,20
183057,Pass,10,2.0,0.3383084577114428,P1,0,19,20
185350,Fail,4,3.0,0.9764705882352941,P1,0,19,20
188278,Pass,18,0.0,0.450281425891182,P1,0,19,20
199636,Pass,13,2.0,0.5895953757225434,P1,0,19,20
199897,Pass,10,5.0,0.8480243161094225,P1,0,19,20
200804,Pass,10,4.0,0.4864864864864865,P1,0,19,20
205494,Pass,5,0.0,0.1891891891891892,P1,0,19,20
228383,Pass,12,1.0,0.6764705882352942,P1,0,19,20
232307,Pass,5,9.0,0.9076305220883534,P1,0,19,20
235068,Pass,15,0.0,0.23809523809523808,P1,0,19,20
235507,Pass,13,0.0,0.35051546391752575,P1,0,19,20
236875,Pass,7,2.0,0.375,P1,0,19,20
237274,Pass,13,0.0,0.5150214592274678,P1,0,19,20
243510,Fail,6,4.0,0.7384615384615385,P1,0,19,20
244246,Pass,10,2.0,0.19298245614035087,P1,0,19,20
252073,Pass,8,5.0,0.10476190476190476,P1,0,19,20
260623,Pass,13,5.0,0.38904899135446686,P1,0,19,20
263251,Pass,15,2.0,0.5475792988313857,P1,0,19,20
263543,Pass,11,1.0,0.2708333333333333,P1,0,19,20
266524,Pass,12,2.0,0.37719298245614036,P1,0,19,20
268733,Fail,0,,,P1,0,19,20
273346,Pass,12,0.0,0.35064935064935066,P1,0,19,20
274947,Withdrawn,5,4.0,0.024390243902439025,P1,0,19,20
275674,Withdrawn,15,0.0,0.24127906976744187,P1,0,19,20
275792,Pass,9,1.0,0.7142857142857143,P1,0,19,20
277123,Fail,6,0.0,0.7411764705882353,P1,0,19,20
277880,Withdrawn,1,5.0,0.0,P1,0,19,20
281077,Pass,8,2.0,0.6377952755905512,P1,0,19,20
281636,Pass,18,2.0,0.484375,P1,0,19,20
285315,Pass,11,1.0,0.166189111747851,P1,0,19,20
287040,Pass,10,3.0,0.21912350597609562,P1,0,19,20
287204,Pass,14,0.0,0.5413907284768212,P1,0,19,20
287210,Pass,17,0.0,0.12442396313364056,P1,0,19,20
288994,Fail,3,8.0,0.632,P1,0,19,20
289449,Pass,11,0.0,0.5167464114832536,P1,0,19,20
290164,Pass,17,0.0,0.2727272727272727,P1,0,19,20
292525,Pass,3,4.0,0.9180327868852459,P1,0,19,20
292775,Pass,13,0.0,0.2506265664160401,P1,0,19,20
293824,Pass,20,0.0,0.3341708542713568,P1,0,19,20
294496,Pass,14,2.0,0.37142857142857144,P1,0,19,20
294655,Fail,10,0.0,0.005405405405405406,P1,0,19,20
295060,Fail,11,2.0,0.7272727272727273,P1,0,19,20
295075,Pass,4,3.0,0.04918032786885246,P1,0,19,20
296424,Pass,14,1.0,0.3855932203389831,P1,0,19,20
298034,Fail,7,1.0,0.6328125,P1,0,19,20
298838,Pass,10,0.0,0.631578947368421,P1,0,19,20
301967,Pass,5,8.0,0.9722222222222222,P1,0,19,20
303521,Pass,14,1.0,0.6356968215158925,P1,0,19,20
303985,Pass,5,5.0,0.9703703703703703,P1,0,19,20
304465,Pass,17,0.0,0.4533029612756264,P1,0,19,20
306646,Pass,1,3.0,0.0,P1,0,19,20
309142,Pass,6,5.0,0.3389830508474576,P1,0,19,20
310412,Pass,14,0.0,0.1686746987951807,P1,0,19,20
311235,Pass,7,0.0,0.125,P1,0,19,20
311659,Fail,2,10.0,0.0,P1,0,19,20
313937,Pass,16,0.0,0.2610497237569061,P1,0,19,20
315076,Pass,10,1.0,0.275,P1,0,19,20
323370,Pass,12,0.0,0.40074906367041196,P1,0,19,20
328024,Pass,16,2.0,0.7051282051282052,P1,0,19,20
329659,Fail,4,4.0,0.04666666666666667,P1,0,19,20
330594,Pass,20,0.0,0.34765625,P1,0,19,20
332884,Pass,12,1.0,0.09803921568627451,P1,0,19,20
334441,Fail,8,2.0,0.4025974025974026,P1,0,19,20
335247,Pass,3,8.0,0.5555555555555556,P1,0,19,20
335764,Pass,12,0.0,0.07526881720430108,P1,0,19,20
337748,Withdrawn,3,0.0,0.47692307692307695,P1,0,19,20
338407,Pass,4,11.0,0.9130434782608695,P1,0,19,20
341876,Withdrawn,17,0.0,0.2581699346405229,P1,0,19,20
342007,Pass,15,0.0,0.4787234042553192,P1,0,19,20
345440,Pass,4,8.0,0.8636363636363636,P1,0,19,20
345519,Pass,9,0.0,0.21578947368421053,P1,0,19,20
346118,Pass,8,0.0,0.7301587301587301,P1,0,19,20
348275,Withdrawn,10,2.0,0.628125,P1,0,19,20
348807,Pass,6,4.0,0.20175438596491227,P1,0,19,20
350156,Pass,5,3.0,0.8611111111111112,P1,0,19,20
350939,Pass,9,4.0,0.44805194805194803,P1,0,19,20
351336,Pass,11,0.0,0.5531914893617021,P1,0,19,20
353665,Pass,4,2.0,0.5909090909090909,P1,0,19,20
354170,Fail,13,0.0,0.34375,P1,0,19,20
356170,Pass,3,7.0,0.676923076923077,P1,0,19,20
358182,Pass,13,1.0,0.20103092783505155,P1,0,19,20
364957,Pass,12,5.0,0.35315985130111527,P1,0,19,20
369834,Withdrawn,14,3.0,0.28879310344827586,P1,0,19,20
371710,Pass,18,0.0,0.6402116402116402,P1,0,19,20
373872,Pass,11,0.0,0.6894977168949772,P1,0,19,20
375260,Pass,14,4.0,0.8518518518518519,P1,0,19,20
375646,Pass,6,2.0,0.8604651162790697,P1,0,19,20
381642,Withdrawn,10,0.0,0.5454545454545454,P1,0,19,20
382095,Pass,12,2.0,0.4962121212121212,P1,0,19,20
383180,Withdrawn,7,3.0,0.24242424242424243,P1,0,19,20
383600,Pass,5,7.0,0.6549295774647887,P1,0,19,20
383723,Pass,19,0.0,0.22967863894139887,P1,0,19,20
384203,Pass,20,0.0,0.5952755905511811,P1,0,19,20
384725,Pass,18,1.0,0.4127290260366442,P1,0,19,20
387533,Fail,8,2.0,0.2857142857142857,P1,0,19,20
388147,Fail,4,7.0,0.6666666666666666,P1,0,19,20
390890,Pass,7,2.0,0.4065934065934066,P1,0,19,20
396599,Fail,10,4.0,0.10869565217391304,P1,0,19,20
396655,Fail,3,6.0,0.5555555555555556,P1,0,19,20
398171,Pass,11,2.0,0.2361111111111111,P1,0,19,20
398349,Pass,9,0.0,0.4810126582278481,P1,0,19,20
400147,Pass,7,3.0,0.7088607594936709,P1,0,19,20
400682,Pass,9,4.0,0.4435483870967742,P1,0,19,20
401404,Pass,12,3.0,0.3054393305439331,P1,0,19,20
402204,Pass,13,0.0,0.4,P1,0,19,20
402727,Pass,7,5.0,0.5753424657534246,P1,0,19,20
402961,Pass,14,2.0,0.4057239057239057,P1,0,19,20
404356,Pass,8,0.0,0.22826086956521738,P1,0,19,20
406671,Pass,2,18.0,1.0,P1,0,19,20
409100,Pass,12,3.0,0.5265486725663717,P1,0,19,20
409703,Pass,13,1.0,0.3764705882352941,P1,0,19,20
410092,Pass,2,12.0,0.08064516129032258,P1,0,19,20
411971,Pass,17,0.0,0.30847457627118646,P1,0,19,20
415969,Fail,1,9.0,0.0,P1,0,19,20
418731,Fail,1,14.0,1.0,P1,0,19,20
421455,Pass,13,2.0,0.3548387096774194,P1,0,19,20
424577,Pass,12,0.0,0.576036866359447,P1,0,19,20
431025,Fail,6,2.0,0.0,P1,0,19,20
439305,Pass,12,3.0,0.47692307692307695,P1,0,19,20
440319,Withdrawn,10,0.0,0.5296442687747036,P1,0,19,20
442064,Pass,4,15.0,1.0,P1,0,19,20
442132,Pass,3,1.0,0.6136363636363636,P1,0,19,20
446108,Pass,7,5.0,0.38764044943820225,P1,0,19,20
447481,Pass,1,4.0,0.0,P1,0,19,20
468120,Fail,6,2.0,0.45454545454545453,P1,0,19,20
468694,Withdrawn,9,2.0,0.1552511415525114,P1,0,19,20
470588,Withdrawn,1,6.0,0.0,P1,0,19,20
470982,Pass,12,0.0,0.2660098522167488,P1,0,19,20
481022,Fail,4,5.0,0.14285714285714285,P1,0,19,20
483800,Pass,14,0.0,0.4632768361581921,P1,0,19,20
484897,Pass,8,2.0,0.6163522012578616,P1,0,19,20
485962,Pass,4,4.0,0.5,P1,0,19,20
488990,Pass,6,0.0,0.06481481481481481,P1,0,19,20
500113,Pass,5,4.0,0.7981651376146789,P1,0,19,20
503889,Pass,13,2.0,0.14418604651162792,P1,0,19,20
518808,Pass,11,1.0,0.1780821917808219,P1,0,19,20
522482,Withdrawn,10,0.0,0.3221476510067114,P1,0,19,20
527801,Fail,7,1.0,0.4880952380952381,P1,0,19,20
533068,Pass,4,7.0,0.4482758620689655,P1,0,19,20
537081,Fail,11,1.0,0.7399103139013453,P1,0,19,20
544253,Pass,13,2.0,0.473015873015873,P1,0,19,20
548120,Pass,6,4.0,0.8770491803278688,P1,0,19,20
561467,Withdrawn,7,0.0,0.5769230769230769,P1,0,19,20
570317,Pass,8,1.0,0.6255924170616114,P1,0,19,20
574505,Pass,8,4.0,0.04794520547945205,P1,0,19,20
588477,Pass,20,0.0,0.3433678269049859,P1,0,19,20
593846,Withdrawn,9,2.0,0.3201581027667984,P1,0,19,20
593987,Fail,11,0.0,0.14479638009049775,P1,0,19,20
596288,Pass,3,4.0,0.7959183673469388,P1,0,19,20
603834,Pass,5,3.0,0.6971428571428572,P1,0,19,20
603861,Withdrawn,4,0.0,0.21052631578947367,P1,0,19,20
623840,Pass,11,2.0,0.581532416502947,P1,0,19,20
626240,Pass,5,0.0,0.509090909090909,P1,0,19,20
628088,Withdrawn,12,1.0,0.4467455621301775,P1,0,19,20
630142,Withdrawn,5,7.0,0.6862745098039216,P1,0,19,20
637665,Pass,8,5.0,0.5855855855855856,P1,0,19,20
639053,Pass,6,0.0,0.09375,P1,0,19,20
642878,Withdrawn,10,1.0,0.7655172413793103,P1,0,19,20
648130,Withdrawn,8,2.0,0.06,P1,0,19,20
676546,Withdrawn,4,7.0,0.4830508474576271,P1,0,19,20
677186,Pass,3,5.0,0.125,P1,0,19,20
677281,Fail,4,4.0,0.6666666666666666,P1,0,19,20
684180,Pass,2,10.0,0.9069767441860465,P1,0,19,20
687698,Pass,7,2.0,0.6170212765957447,P1,0,19,20
696073,Pass,14,0.0,0.4384920634920635,P1,0,19,20
696578,Withdrawn,9,1.0,0.959830866807611,P1,0,19,20
721259,Withdrawn,17,0.0,0.5984682713347921,P1,0,19,20
852847,Fail,4,7.0,0.7428571428571429,P1,0,19,20
998493,Pass,20,0.0,0.288135593220339,P1,0,19,20
1045203,Pass,19,1.0,0.2589641434262948,P1,0,19,20
1112555,Pass,18,1.0,0.386046511627907,P1,0,19,20
1183831,Withdrawn,14,0.0,0.2033898305084746,P1,0,19,20
1268696,Pass,2,5.0,0.5862068965517241,P1,0,19,20
1336190,Pass,8,0.0,0.37349397590361444,P1,0,19,20
1352868,Pass,5,2.0,0.6031746031746031,P1,0,19,20
1398979,Withdrawn,20,0.0,0.3954022988505747,P1,0,19,20
1456619,Withdrawn,7,2.0,0.08256880733944955,P1,0,19,20
1471214,Pass,5,3.0,0.9924242424242424,P1,0,19,20
1472925,Pass,9,7.0,0.6737588652482269,P1,0,19,20
1484804,Pass,5,4.0,0.0,P1,0,19,20
1511033,Pass,2,6.0,0.4,P1,0,19,20
1609002,Pass,11,0.0,0.57,P1,0,19,20
1676594,Withdrawn,5,0.0,0.0,P1,0,19,20
1686551,Withdrawn,14,0.0,0.6608695652173913,P1,0,19,20
1689639,Withdrawn,18,0.0,0.1495956873315364,P1,0,19,20
1715896,Pass,18,0.0,0.40450928381962864,P1,0,19,20
1721270,Pass,8,2.0,0.1822429906542056,P1,0,19,20
1757766,Pass,14,0.0,0.5789473684210527,P1,0,19,20
1773377,Pass,4,16.0,1.0,P1,0,19,20
1799111,Pass,8,0.0,0.2833333333333333,P1,0,19,20
1818673,Fail,11,0.0,0.6683168316831684,P1,0,19,20
1839386,Withdrawn,5,2.0,0.6578947368421053,P1,0,19,20
1926668,Pass,11,2.0,0.24172185430463577,P1,0,19,20
1947156,Pass,13,0.0,0.54673721340388,P1,0,19,20
1967783,Pass,7,0.0,0.5868263473053892,P1,0,19,20
1970390,Pass,10,0.0,0.33766233766233766,P1,0,19,20
1975209,Pass,12,1.0,0.41830065359477125,P1,0,19,20
2010232,Pass,20,0.0,0.42417061611374407,P1,0,19,20
2045084,Fail,7,1.0,0.3495575221238938,P1,0,19,20
2057803,Pass,17,0.0,0.310719131614654,P1,0,19,20
2073016,Fail,0,,,P1,0,19,20
2085209,Pass,17,0.0,0.33607907742998355,P1,0,19,20
2086400,Pass,17,0.0,0.38613861386138615,P1,0,19,20
2139353,Pass,5,2.0,0.7272727272727273,P1,0,19,20
2148681,Pass,10,1.0,0.4006024096385542,P1,0,19,20
2158048,Withdrawn,9,0.0,0.7877358490566038,P1,0,19,20
2165164,Pass,11,2.0,0.48497854077253216,P1,0,19,20
2168833,Withdrawn,3,16.0,1.0,P1,0,19,20
2207874,Fail,4,13.0,1.0,P1,0,19,20
2240349,Pass,15,1.0,0.3954326923076923,P1,0,19,20
2273119,Withdrawn,2,1.0,0.0,P1,0,19,20
2277857,Pass,18,0.0,0.19805825242718447,P1,0,19,20
2297896,Pass,5,2.0,0.5576923076923077,P1,0,19,20
2318055,Pass,6,9.0,0.5154639175257731,P1,0,19,20
2330254,Pass,11,0.0,0.26208651399491095,P1,0,19,20
2355470,Pass,4,0.0,0.0,P1,0,19,20
2358969,Pass,0,,,P1,0,19,20
2369415,Pass,4,10.0,0.4423076923076923,P1,0,19,20
2375975,Pass,18,0.0,0.3567774936061381,P1,0,19,20
2397661,Pass,4,8.0,0.24561403508771928,P1,0,19,20
2398313,Pass,20,0.0,0.15350877192982457,P1,0,19,20
2404408,Fail,13,1.0,0.6987951807228916,P1,0,19,20
2425993,Pass,4,0.0,0.8061224489795918,P1,0,19,20
2429854,Fail,9,0.0,0.42748091603053434,P1,0,19,20
2432796,Pass,6,2.0,0.80625,P1,0,19,20
2434159,Pass,3,1.0,0.0625,P1,0,19,20
2436812,Fail,10,0.0,0.46,P1,0,19,20
2467267,Pass,5,9.0,0.8461538461538461,P1,0,19,20
2470694,Fail,6,0.0,0.27927927927927926,P1,0,19,20
2473538,Pass,11,0.0,0.41217798594847777,P1,0,19,20
2474849,Withdrawn,4,2.0,0.8650793650793651,P1,0,19,20
2494700,Pass,16,1.0,0.5550786838340487,P1,0,19,20
2500258,Pass,3,1.0,0.16666666666666666,P1,0,19,20
2507842,Withdrawn,14,1.0,0.42242703533026116,P1,0,19,20
2509639,Pass,13,2.0,0.3095890410958904,P1,0,19,20
2514898,Pass,9,0.0,0.4298245614035088,P1,0,19,20
2521865,Pass,9,1.0,0.5,P1,0,19,20
2522927,Pass,20,0.0,0.3635036496350365,P1,0,19,20
2540168,Withdrawn,6,3.0,0.7422222222222222,P1,0,19,20
2546445,Withdrawn,18,0.0,0.17631224764468373,P1,0,19,20
2551797,Pass,6,4.0,0.22018348623853212,P1,0,19,20
2551932,Withdrawn,5,5.0,0.0,P1,0,19,20
2569324,Pass,4,5.0,0.0,P1,0,19,20
2574990,Fail,16,0.0,0.3149171270718232,P1,0,19,20
2576122,Fail,1,12.0,0.0,P1,0,19,20
2578676,Pass,5,7.0,0.7407407407407407,P1,0,19,20
2581477,Pass,19,0.0,0.34382284382284384,P1,0,19,20
2584873,Pass,12,2.0,0.58,P1,0,19,20
2595841,Fail,8,0.0,0.38515901060070673,P1,0,19,20
2596621,Pass,20,0.0,0.42148087876322216,P1,0,19,20
2601889,Pass,14,0.0,0.40625,P1,0,19,20
2602338,Fail,6,11.0,0.9135802469135802,P1,0,19,20
2606802,Fail,6,9.0,0.4888888888888889,P1,0,19,20
2624961,Fail,5,5.0,0.5639097744360902,P1,0,19,20
2633226,Pass,0,,,P1,0,19,20
2642616,Pass,12,1.0,0.3482142857142857,P1,0,19,20
2648611,Pass,18,0.0,0.15827338129496402,P1,0,19,20
2649800,Pass,5,10.0,0.9230769230769231,P1,0,19,20
2654628,Pass,11,0.0,0.44623655913978494,P1,0,19,20
2677624,Pass,7,3.0,0.6338028169014085,P1,0,19,20
2680312,Pass,18,0.0,0.2964669738863287,P1,0,19,20
2688166,Pass,13,2.0,0.25773195876288657,P1,0,19,20
2690062,Withdrawn,8,0.0,0.3936651583710407,P1,0,19,20
2692514,Pass,20,0.0,0.47950089126559714,P1,0,19,20
2694788,Fail,6,3.0,0.22727272727272727,P1,0,19,20
6516,Pass,21,0.0,0.21601941747572814,P2,20,54,35
24734,Pass,4,2.0,0.0,P2,20,54,35
28061,Pass,25,1.0,0.191044776119403,P2,20,54,35
31600,Pass,2,4.0,0.2887323943661972,P2,20,54,35
46844,Pass,5,10.0,0.6176470588235294,P2,20,54,35
52765,Pass,34,0.0,0.1395582329317269,P2,20,54,35
55104,Pass,9,0.0,0.28859060402684567,P2,20,54,35
58071,Pass,24,0.0,0.08,P2,20,54,35
58316,Pass,22,1.0,0.37662337662337664,P2,20,54,35
62487,Pass,14,5.0,0.7267080745341615,P2,20,54,35
63165,Pass,19,4.0,0.1388888888888889,P2,20,54,35
65002,Fail,0,,,P2,20,54,35
70011,Pass,34,0.0,0.28343558282208586,P2,20,54,35
75255,Pass,13,1.0,0.20945945945945946,P2,20,54,35
79403,Withdrawn,21,0.0,0.10103626943005181,P2,20,54,35
85092,Pass,6,1.0,0.32413793103448274,P2,20,54,35
85144,Pass,14,4.0,0.30049261083743845,P2,20,54,35
85302,Pass,19,3.0,0.46938775510204084,P2,20,54,35
87431,Withdrawn,4,3.0,0.0,P2,20,54,35
94961,Pass,12,10.0,0.31875,P2,20,54,35
95755,Withdrawn,16,2.0,0.02912621359223301,P2,20,54,35
101116,Pass,16,0.0,0.12209302325581395,P2,20,54,35
107489,Pass,27,0.0,0.1174496644295302,P2,20,54,35
108872,Pass,13,3.0,0.5058139534883721,P2,20,54,35
109155,Pass,25,0.0,0.26136363636363635,P2,20,54,35
111512,Fail,2,5.0,0.0,P2,20,54,35
117818,Pass,15,0.0,0.10289389067524116,P2,20,54,35
119902,Withdrawn,23,0.0,0.10315186246418338,P2,20,54,35
121349,Pass,17,2.0,0.24484536082474226,P2,20,54,35
125018,Pass,18,2.0,0.1673469387755102,P2,20,54,35
129955,Withdrawn,21,0.0,0.006493506493506494,P2,20,54,35
130034,Pass,15,0.0,0.20052083333333334,P2,20,54,35
130547,Pass,19,2.0,0.3723404255319149,P2,20,54,35
130636,Pass,3,32.0,1.0,P2,20,54,35
131390,Pass,1,27.0,0.0,P2,20,54,35
133816,Pass,18,0.0,0.21147540983606558,P2,20,54,35
133922,Pass,9,2.0,0.20212765957446807,P2,20,54,35
135400,Pass,1,17.0,0.0,P2,20,54,35
139033,Fail,7,10.0,0.3442622950819672,P2,20,54,35
141377,Pass,9,0.0,0.40119760479041916,P2,20,54,35
141506,Fail,7,4.0,0.8072289156626506,P2,20,54,35
146503,Pass,12,2.0,0.07317073170731707,P2,20,54,35
147756,Pass,13,1.0,0.14685314685314685,P2,20,54,35
148993,Pass,18,2.0,0.18007662835249041,P2,20,54,35
149741,Pass,14,0.0,0.15492957746478872,P2,20,54,35
149962,Pass,4,6.0,0.2222222222222222,P2,20,54,35
151587,Withdrawn,6,4.0,0.0,P2,20,54,35
152668,Withdrawn,11,0.0,0.0,P2,20,54,35
155984,Pass,16,3.0,0.5209302325581395,P2,20,54,35
158707,Withdrawn,22,0.0,0.2052863436123348,P2,20,54,35
159954,Withdrawn,6,7.0,0.0,P2,20,54,35
164944,Pass,19,0.0,0.7259475218658892,P2,20,54,35
165226,Fail,10,4.0,0.07669616519174041,P2,20,54,35
167961,Pass,21,0.0,0.2951219512195122,P2,20,54,35
174024,Pass,9,4.0,0.13178294573643412,P2,20,54,35
174094,Pass,30,0.0,0.09513742071881606,P2,20,54,35
174745,Pass,7,0.0,0.10144927536231885,P2,20,54,35
175447,Pass,26,0.0,0.028346456692913385,P2,20,54,35
175772,Withdrawn,26,0.0,0.11570247933884298,P2,20,54,35
183057,Pass,9,4.0,0.0,P2,20,54,35
185350,Fail,2,10.0,0.0,P2,20,54,35
188278,Pass,31,0.0,0.2219020172910663,P2,20,54,35
199636,Pass,16,3.0,0.5294117647058824,P2,20,54,35
199897,Pass,20,1.0,0.2572178477690289,P2,20,54,35
200804,Pass,10,9.0,0.5157232704402516,P2,20,54,35
205494,Pass,4,1.0,0.0,P2,20,54,35
228383,Pass,8,6.0,0.0728476821192053,P2,20,54,35
232307,Pass,7,8.0,0.3958333333333333,P2,20,54,35
235068,Pass,23,0.0,0.41898527004909986,P2,20,54,35
235507,Pass,17,0.0,0.4792626728110599,P2,20,54,35
236875,Pass,9,3.0,0.21052631578947367,P2,20,54,35
237274,Pass,23,3.0,0.11274509803921569,P2,20,54,35
243510,Fail,4,0.0,0.7428571428571429,P2,20,54,35
244246,Pass,7,2.0,0.09230769230769231,P2,20,54,35
252073,Pass,14,3.0,0.2571428571428571,P2,20,54,35
260623,Pass,14,2.0,0.13025210084033614,P2,20,54,35
263251,Pass,22,0.0,0.43157894736842106,P2,20,54,35
263543,Pass,27,0.0,0.2375366568914956,P2,20,54,35
266524,Pass,4,3.0,0.03225806451612903,P2,20,54,35
268733,Fail,1,3.0,0.0,P2,20,54,35
273346,Pass,16,0.0,0.273972602739726,P2,20,54,35
274947,Withdrawn,8,4.0,0.028037383177570093,P2,20,54,35
275674,Withdrawn,29,0.0,0.1437308868501529,P2,20,54,35
275792,Pass,9,0.0,0.5164835164835165,P2,20,54,35
277123,Fail,12,0.0,0.23893805309734514,P2,20,54,35
277880,Withdrawn,1,24.0,0.0,P2,20,54,35
281077,Pass,11,3.0,0.691358024691358,P2,20,54,35
281636,Pass,24,0.0,0.297196261682243,P2,20,54,35
285315,Pass,9,10.0,0.2673611111111111,P2,20,54,35
287040,Pass,19,0.0,0.17365269461077845,P2,20,54,35
287204,Pass,19,0.0,0.225,P2,20,54,35
287210,Pass,32,0.0,0.19114219114219114,P2,20,54,35
288994,Fail,0,,,P2,20,54,35
289449,Pass,18,1.0,0.0967741935483871,P2,20,54,35
290164,Pass,18,1.0,0.4344262295081967,P2,20,54,35
292525,Pass,7,14.0,0.8636363636363636,P2,20,54,35
292775,Pass,13,6.0,0.23036649214659685,P2,20,54,35
293824,Pass,33,0.0,0.21468475658419792,P2,20,54,35
294496,Pass,22,0.0,0.2025862068965517,P2,20,54,35
294655,Fail,25,1.0,0.27549194991055453,P2,20,54,35
295060,Fail,14,0.0,0.14492753623188406,P2,20,54,35
295075,Pass,3,4.0,0.0,P2,20,54,35
296424,Pass,21,1.0,0.15671641791044777,P2,20,54,35
298034,Fail,16,2.0,0.07365439093484419,P2,20,54,35
298838,Pass,22,0.0,0.2988165680473373,P2,20,54,35
301967,Pass,4,10.0,0.75,P2,20,54,35
303521,Pass,27,0.0,0.2824267782426778,P2,20,54,35
303985,Pass,5,25.0,0.96875,P2,20,54,35
304465,Pass,31,0.0,0.12868217054263567,P2,20,54,35
306646,Pass,4,0.0,0.15,P2,20,54,35
309142,Pass,4,12.0,0.0,P2,20,54,35
310412,Pass,20,1.0,0.0893371757925072,P2,20,54,35
311235,Pass,6,0.0,0.010471204188481676,P2,20,54,35
311659,Fail,2,7.0,0.5789473684210527,P2,20,54,35
313937,Pass,35,0.0,0.14611486486486486,P2,20,54,35
315076,Pass,14,0.0,0.0,P2,20,54,35
323370,Pass,26,3.0,0.2111111111111111,P2,20,54,35
328024,Pass,27,0.0,0.3629032258064516,P2,20,54,35
329659,Fail,7,9.0,0.0392156862745098,P2,20,54,35
330594,Pass,19,0.0,0.03557312252964427,P2,20,54,35
332884,Pass,21,3.0,0.046948356807511735,P2,20,54,35
334441,Fail,6,4.0,0.6875,P2,20,54,35
335247,Pass,11,1.0,0.5514018691588785,P2,20,54,35
335764,Pass,5,1.0,0.0,P2,20,54,35
337748,Withdrawn,1,32.0,1.0,P2,20,54,35
338407,Pass,6,4.0,0.40384615384615385,P2,20,54,35
341876,Withdrawn,29,0.0,0.1941747572815534,P2,20,54,35
342007,Pass,22,2.0,0.10317460317460317,P2,20,54,35
345440,Pass,4,20.0,0.8857142857142857,P2,20,54,35
345519,Pass,11,2.0,0.1919191919191919,P2,20,54,35
346118,Pass,5,0.0,0.2830188679245283,P2,20,54,35
348275,Withdrawn,19,0.0,0.00641025641025641,P2,20,54,35
348807,Pass,7,3.0,0.15492957746478872,P2,20,54,35
350156,Pass,4,18.0,0.8166666666666667,P2,20,54,35
350939,Pass,18,2.0,0.34513274336283184,P2,20,54,35
351336,Pass,18,2.0,0.18382352941176472,P2,20,54,35
353665,Pass,6,7.0,0.5974025974025974,P2,20,54,35
354170,Fail,6,12.0,0.32608695652173914,P2,20,54,35
356170,Pass,7,3.0,0.39800995024875624,P2,20,54,35
358182,Pass,19,1.0,0.15966386554621848,P2,20,54,35
364957,Pass,24,0.0,0.1679790026246719,P2,20,54,35
369834,Withdrawn,21,0.0,0.23829787234042554,P2,20,54,35
371710,Pass,27,1.0,0.34285714285714286,P2,20,54,35
373872,Pass,7,3.0,0.8844765342960289,P2,20,54,35
375260,Pass,28,0.0,0.02962962962962963,P2,20,54,35
375646,Pass,9,4.0,0.8383838383838383,P2,20,54,35
381642,Withdrawn,21,1.0,0.25161290322580643,P2,20,54,35
382095,Pass,24,0.0,0.1708542713567839,P2,20,54,35
383180,Withdrawn,10,0.0,0.005050505050505051,P2,20,54,35
383600,Pass,5,11.0,0.9801980198019802,P2,20,54,35
383723,Pass,23,0.0,0.21146496815286625,P2,20,54,35
384203,Pass,32,0.0,0.11745244003308519,P2,20,54,35
384725,Pass,28,0.0,0.2792452830188679,P2,20,54,35
387533,Fail,4,0.0,0.047619047619047616,P2,20,54,35
388147,Fail,13,2.0,0.03375527426160337,P2,20,54,35
390890,Pass,4,3.0,0.0,P2,20,54,35
396599,Fail,13,0.0,0.19883040935672514,P2,20,54,35
396655,Fail,8,3.0,0.1,P2,20,54,35
398171,Pass,19,0.0,0.07327586206896551,P2,20,54,35
398349,Pass,21,0.0,0.3276283618581907,P2,20,54,35
400147,Pass,5,2.0,0.9032258064516129,P2,20,54,35
400682,Pass,10,6.0,0.37583892617449666,P2,20,54,35
401404,Pass,18,2.0,0.2975206611570248,P2,20,54,35
402204,Pass,8,3.0,0.013157894736842105,P2,20,54,35
402727,Pass,9,0.0,0.11267605633802817,P2,20,54,35
402961,Pass,24,1.0,0.14150943396226415,P2,20,54,35
404356,Pass,14,0.0,0.043478260869565216,P2,20,54,35
406671,Pass,3,8.0,0.6060606060606061,P2,20,54,35
409100,Pass,23,1.0,0.3858093126385809,P2,20,54,35
409703,Pass,24,0.0,0.09202453987730061,P2,20,54,35
410092,Pass,3,2.0,0.8311688311688312,P2,20,54,35
411971,Pass,11,1.0,0.07142857142857142,P2,20,54,35
415969,Fail,0,,,P2,20,54,35
418731,Fail,4,4.0,0.3142857142857143,P2,20,54,35
421455,Pass,19,0.0,0.5073313782991202,P2,20,54,35
424577,Pass,14,2.0,0.2604166666666667,P2,20,54,35
431025,Fail,4,18.0,0.2909090909090909,P2,20,54,35
439305,Pass,7,1.0,0.4731182795698925,P2,20,54,35
440319,Withdrawn,11,6.0,0.23595505617977527,P2,20,54,35
442064,Pass,1,30.0,1.0,P2,20,54,35
442132,Pass,8,1.0,0.20689655172413793,P2,20,54,35
446108,Pass,19,10.0,0.2,P2,20,54,35
447481,Pass,4,3.0,0.5747126436781609,P2,20,54,35
468120,Fail,5,12.0,0.7222222222222222,P2,20,54,35
468694,Withdrawn,5,19.0,0.5172413793103449,P2,20,54,35
470588,Withdrawn,5,17.0,0.7295081967213115,P2,20,54,35
470982,Pass,8,4.0,0.1228813559322034,P2,20,54,35
481022,Fail,3,14.0,0.0,P2,20,54,35
483800,Pass,17,3.0,0.6042402826855123,P2,20,54,35
484897,Pass,10,2.0,0.7851851851851852,P2,20,54,35
485962,Pass,17,0.0,0.28837209302325584,P2,20,54,35
488990,Pass,7,0.0,0.05319148936170213,P2,20,54,35
500113,Pass,1,26.0,0.0,P2,20,54,35
503889,Pass,30,0.0,0.061224489795918366,P2,20,54,35
518808,Pass,11,0.0,0.0594059405940594,P2,20,54,35
522482,Withdrawn,2,19.0,0.7857142857142857,P2,20,54,35
527801,Fail,10,1.0,0.2,P2,20,54,35
533068,Pass,0,,,P2,20,54,35
537081,Fail,9,1.0,0.7288135593220338,P2,20,54,35
544253,Pass,23,0.0,0.29791666666666666,P2,20,54,35
548120,Pass,15,2.0,0.1875,P2,20,54,35
561467,Withdrawn,6,10.0,0.1,P2,20,54,35
570317,Pass,9,15.0,0.5606060606060606,P2,20,54,35
574505,Pass,13,1.0,0.19689119170984457,P2,20,54,35
588477,Pass,34,0.0,0.1632896305125149,P2,20,54,35
593846,Withdrawn,6,0.0,0.8888888888888888,P2,20,54,35
593987,Fail,4,2.0,0.0,P2,20,54,35
596288,Pass,3,26.0,0.9347826086956522,P2,20,54,35
603834,Pass,6,3.0,0.08,P2,20,54,35
603861,Withdrawn,3,7.0,0.3333333333333333,P2,20,54,35
623840,Pass,14,3.0,0.6455142231947484,P2,20,54,35
626240,Pass,15,3.0,0.3219178082191781,P2,20,54,35
630142,Withdrawn,11,2.0,0.6721311475409836,P2,20,54,35
637665,Pass,17,1.0,0.3191919191919192,P2,20,54,35
639053,Pass,7,20.0,0.6530612244897959,P2,20,54,35
642878,Withdrawn,12,0.0,0.4044943820224719,P2,20,54,35
648130,Withdrawn,8,8.0,0.0,P2,20,54,35
676546,Withdrawn,7,7.0,0.1590909090909091,P2,20,54,35
677186,Pass,5,11.0,0.1871345029239766,P2,20,54,35
677281,Fail,6,10.0,0.1896551724137931,P2,20,54,35
684180,Pass,3,2.0,0.0,P2,20,54,35
687698,Pass,4,1.0,0.7222222222222222,P2,20,54,35
696073,Pass,18,4.0,0.14963503649635038,P2,20,54,35
696578,Withdrawn,6,20.0,0.9928057553956835,P2,20,54,35
721259,Withdrawn,21,0.0,0.004028197381671702,P2,20,54,35
852847,Fail,5,9.0,0.06666666666666667,P2,20,54,35
998493,Pass,35,0.0,0.17109929078014185,P2,20,54,35
1045203,Pass,28,0.0,0.10445205479452055,P2,20,54,35
1112555,Pass,17,2.0,0.3948220064724919,P2,20,54,35
1183831,Withdrawn,26,1.0,0.09206798866855524,P2,20,54,35
1268696,Pass,6,10.0,0.2127659574468085,P2,20,54,35
1336190,Pass,13,0.0,0.15350877192982457,P2,20,54,35
1352868,Pass,13,5.0,0.18421052631578946,P2,20,54,35
1398979,Withdrawn,35,0.0,0.13564213564213565,P2,20,54,35
1456619,Withdrawn,14,1.0,0.0400890868596882,P2,20,54,35
1471214,Pass,6,4.0,0.32051282051282054,P2,20,54,35
1472925,Pass,5,24.0,0.41875,P2,20,54,35
1484804,Pass,15,3.0,0.0684931506849315,P2,20,54,35
1511033,Pass,1,9.0,0.0,P2,20,54,35
1609002,Pass,20,0.0,0.09547738693467336,P2,20,54,35
1686551,Withdrawn,19,0.0,0.0,P2,20,54,35
1689639,Withdrawn,24,0.0,0.16518650088809947,P2,20,54,35
1715896,Pass,33,0.0,0.16500453309156846,P2,20,54,35
1721270,Pass,12,0.0,0.0446927374301676,P2,20,54,35
1757766,Pass,22,0.0,0.020654044750430294,P2,20,54,35
1773377,Pass,9,5.0,0.19745222929936307,P2,20,54,35
1799111,Pass,26,0.0,0.14825581395348839,P2,20,54,35
1818673,Fail,12,0.0,0.5526315789473685,P2,20,54,35
1926668,Pass,20,0.0,0.17405063291139242,P2,20,54,35
1947156,Pass,19,0.0,0.0225,P2,20,54,35
1967783,Pass,19,2.0,0.1145374449339207,P2,20,54,35
1970390,Pass,21,0.0,0.027131782945736434,P2,20,54,35
1975209,Pass,21,0.0,0.14469453376205788,P2,20,54,35
2010232,Pass,33,0.0,0.13555992141453832,P2,20,54,35
2045084,Fail,2,0.0,0.0,P2,20,54,35
2057803,Pass,26,0.0,0.08284714119019837,P2,20,54,35
2073016,Fail,1,17.0,0.0,P2,20,54,35
2085209,Pass,34,0.0,0.13148148148148148,P2,20,54,35
2086400,Pass,30,1.0,0.28342245989304815,P2,20,54,35
2139353,Pass,4,3.0,0.0,P2,20,54,35
2148681,Pass,15,0.0,0.0881057268722467,P2,20,54,35
2158048,Withdrawn,10,4.0,0.0,P2,20,54,35
2165164,Pass,13,0.0,0.3016759776536313,P2,20,54,35
2168833,Withdrawn,0,,,P2,20,54,35
2207874,Fail,3,0.0,0.42857142857142855,P2,20,54,35
2240349,Pass,22,0.0,0.39626168224299063,P2,20,54,35
2273119,Withdrawn,3,3.0,0.21052631578947367,P2,20,54,35
2277857,Pass,26,0.0,0.23832923832923833,P2,20,54,35
2297896,Pass,8,7.0,0.3894736842105263,P2,20,54,35
2318055,Pass,16,3.0,0.19444444444444445,P2,20,54,35
2330254,Pass,23,1.0,0.18637274549098196,P2,20,54,35
2355470,Pass,3,12.0,0.42857142857142855,P2,20,54,35
2358969,Pass,20,5.0,0.060240963855421686,P2,20,54,35
2369415,Pass,10,3.0,0.11805555555555555,P2,20,54,35
2375975,Pass,28,0.0,0.16013628620102216,P2,20,54,35
2397661,Pass,3,30.0,1.0,P2,20,54,35
2398313,Pass,21,0.0,0.2936046511627907,P2,20,54,35
2404408,Fail,12,0.0,0.29896907216494845,P2,20,54,35
2425993,Pass,12,0.0,0.45454545454545453,P2,20,54,35
2429854,Fail,0,,,P2,20,54,35
2432796,Pass,7,23.0,0.2222222222222222,P2,20,54,35
2434159,Pass,5,0.0,0.0,P2,20,54,35
2436812,Fail,8,0.0,0.17582417582417584,P2,20,54,35
2467267,Pass,4,3.0,0.6875,P2,20,54,35
2470694,Fail,11,0.0,0.21105527638190955,P2,20,54,35
2473538,Pass,3,17.0,0.0,P2,20,54,35
2474849,Withdrawn,1,34.0,1.0,P2,20,54,35
2494700,Pass,30,3.0,0.20772946859903382,P2,20,54,35
2500258,Pass,17,1.0,0.2141119221411192,P2,20,54,35
2509639,Pass,15,9.0,0.15028901734104047,P2,20,54,35
2514898,Pass,17,0.0,0.14634146341463414,P2,20,54,35
2521865,Pass,14,2.0,0.053003533568904596,P2,20,54,35
2522927,Pass,30,0.0,0.1201923076923077,P2,20,54,35
2540168,Withdrawn,18,0.0,0.09465020576131687,P2,20,54,35
2546445,Withdrawn,24,0.0,0.24095238095238095,P2,20,54,35
2551797,Pass,12,0.0,0.3137254901960784,P2,20,54,35
2551932,Withdrawn,10,1.0,0.005780346820809248,P2,20,54,35
2569324,Pass,6,8.0,0.12307692307692308,P2,20,54,35
2574990,Fail,18,3.0,0.3559322033898305,P2,20,54,35
2576122,Fail,1,14.0,0.0,P2,20,54,35
2578676,Pass,17,0.0,0.43859649122807015,P2,20,54,35
2581477,Pass,32,0.0,0.1617440225035162,P2,20,54,35
2584873,Pass,11,18.0,0.5956521739130435,P2,20,54,35
2595841,Fail,12,3.0,0.045454545454545456,P2,20,54,35
2596621,Pass,33,0.0,0.1388660640920296,P2,20,54,35
2601889,Pass,23,0.0,0.15384615384615385,P2,20,54,35
2602338,Fail,16,0.0,0.07006369426751592,P2,20,54,35
2606802,Fail,2,27.0,0.4,P2,20,54,35
2624961,Fail,4,11.0,0.7692307692307693,P2,20,54,35
2633226,Pass,12,0.0,0.2048780487804878,P2,20,54,35
2642616,Pass,12,0.0,0.010362694300518135,P2,20,54,35
2648611,Pass,19,1.0,0.07878787878787878,P2,20,54,35
2649800,Pass,11,3.0,0.021897810218978103,P2,20,54,35
2654628,Pass,17,1.0,0.16224188790560473,P2,20,54,35
2677624,Pass,10,3.0,0.2,P2,20,54,35
2680312,Pass,21,0.0,0.09324009324009325,P2,20,54,35
2688166,Pass,12,3.0,0.11351351351351352,P2,20,54,35
2692514,Pass,35,0.0,0.15572390572390574,P2,20,54,35
2694788,Fail,2,28.0,1.0,P2,20,54,35
6516,Pass,31,0.0,0.07671957671957672,P3,55,117,63
24734,Pass,17,2.0,0.2,P3,55,117,63
28061,Pass,31,3.0,0.15807560137457044,P3,55,117,63
31600,Pass,1,61.0,1.0,P3,55,117,63
46844,Pass,9,4.0,0.22641509433962265,P3,55,117,63
52765,Pass,44,0.0,0.09254013220018886,P3,55,117,63
55104,Pass,14,1.0,0.3176895306859206,P3,55,117,63
58071,Pass,27,1.0,0.02862595419847328,P3,55,117,63
58316,Pass,22,3.0,0.19230769230769232,P3,55,117,63
62487,Pass,11,2.0,0.42748091603053434,P3,55,117,63
63165,Pass,13,5.0,0.08602150537634409,P3,55,117,63
65002,Fail,0,,,P3,55,117,63
70011,Pass,51,1.0,0.23107890499194847,P3,55,117,63
75255,Pass,17,1.0,0.35738831615120276,P3,55,117,63
79403,Withdrawn,16,9.0,0.21236559139784947,P3,55,117,63
85092,Pass,8,17.0,0.2743362831858407,P3,55,117,63
85144,Pass,16,2.0,0.28846153846153844,P3,55,117,63
85302,Pass,30,0.0,0.45374449339207046,P3,55,117,63
87431,Withdrawn,7,14.0,0.0,P3,55,117,63
94961,Pass,5,0.0,0.5769230769230769,P3,55,117,63
95755,Withdrawn,4,9.0,0.0,P3,55,117,63
101116,Pass,14,7.0,0.04065040650406504,P3,55,117,63
107489,Pass,42,0.0,0.03909465020576132,P3,55,117,63
108872,Pass,18,2.0,0.060790273556231005,P3,55,117,63
109155,Pass,30,3.0,0.0427807486631016,P3,55,117,63
111512,Fail,0,,,P3,55,117,63
117818,Pass,14,4.0,0.3904761904761905,P3,55,117,63
119902,Withdrawn,19,0.0,0.24382716049382716,P3,55,117,63
121349,Pass,26,0.0,0.0878594249201278,P3,55,117,63
125018,Pass,26,4.0,0.215,P3,55,117,63
129955,Withdrawn,32,3.0,0.22444889779559118,P3,55,117,63
130034,Pass,18,2.0,0.3462603878116344,P3,55,117,63
130547,Pass,10,9.0,0.10734463276836158,P3,55,117,63
130636,Pass,5,45.0,0.7058823529411765,P3,55,117,63
131390,Pass,0,,,P3,55,117,63
133816,Pass,25,8.0,0.2009626955475331,P3,55,117,63
133922,Pass,10,4.0,0.2948717948717949,P3,55,117,63
135400,Pass,6,7.0,0.02564102564102564,P3,55,117,63
139033,Fail,14,10.0,0.431924882629108,P3,55,117,63
141377,Pass,1,40.0,0.0,P3,55,117,63
141506,Fail,3,10.0,0.775,P3,55,117,63
146503,Pass,13,2.0,0.24324324324324326,P3,55,117,63
147756,Pass,13,1.0,0.8450184501845018,P3,55,117,63
148993,Pass,27,4.0,0.1971326164874552,P3,55,117,63
149741,Pass,21,2.0,0.016129032258064516,P3,55,117,63
149962,Pass,4,55.0,0.8235294117647058,P3,55,117,63
151587,Withdrawn,5,4.0,0.0,P3,55,117,63
155984,Pass,18,0.0,0.42333333333333334,P3,55,117,63
158707,Withdrawn,26,3.0,0.3679727427597956,P3,55,117,63
159954,Withdrawn,17,26.0,0.01951219512195122,P3,55,117,63
164944,Pass,18,4.0,0.26666666666666666,P3,55,117,63
165226,Fail,3,13.0,0.0,P3,55,117,63
167961,Pass,29,0.0,0.16698656429942418,P3,55,117,63
174024,Pass,6,35.0,0.2827586206896552,P3,55,117,63
174094,Pass,54,1.0,0.051347881899871634,P3,55,117,63
174745,Pass,8,7.0,0.08557457212713937,P3,55,117,63
175447,Pass,29,1.0,0.001422475106685633,P3,55,117,63
183057,Pass,6,6.0,0.0,P3,55,117,63
185350,Fail,10,3.0,0.3170731707317073,P3,55,117,63
188278,Pass,35,0.0,0.23600605143721634,P3,55,117,63
199636,Pass,18,4.0,0.1687116564417178,P3,55,117,63
199897,Pass,25,2.0,0.10454545454545454,P3,55,117,63
200804,Pass,9,38.0,0.49411764705882355,P3,55,117,63
205494,Pass,14,17.0,0.04746835443037975,P3,55,117,63
228383,Pass,23,0.0,0.14202334630350194,P3,55,117,63
232307,Pass,6,5.0,0.8260869565217391,P3,55,117,63
235068,Pass,22,0.0,0.2676348547717842,P3,55,117,63
235507,Pass,28,0.0,0.22346368715083798,P3,55,117,63
236875,Pass,8,0.0,0.36363636363636365,P3,55,117,63
237274,Pass,35,1.0,0.18,P3,55,117,63
243510,Fail,6,35.0,0.8828828828828829,P3,55,117,63
244246,Pass,22,3.0,0.3373493975903614,P3,55,117,63
252073,Pass,12,4.0,0.3511450381679389,P3,55,117,63
260623,Pass,12,0.0,0.2857142857142857,P3,55,117,63
263251,Pass,23,2.0,0.2444933920704846,P3,55,117,63
263543,Pass,34,7.0,0.14540059347181009,P3,55,117,63
266524,Pass,4,12.0,0.22727272727272727,P3,55,117,63
268733,Fail,0,,,P3,55,117,63
273346,Pass,26,1.0,0.2296983758700696,P3,55,117,63
274947,Withdrawn,4,11.0,0.42857142857142855,P3,55,117,63
275674,Withdrawn,51,1.0,0.046031746031746035,P3,55,117,63
275792,Pass,12,0.0,0.5862068965517241,P3,55,117,63
277123,Fail,6,50.0,0.8260869565217391,P3,55,117,63
277880,Withdrawn,0,,,P3,55,117,63
281077,Pass,17,0.0,0.21476510067114093,P3,55,117,63
281636,Pass,24,1.0,0.22742474916387959,P3,55,117,63
285315,Pass,10,8.0,0.4463276836158192,P3,55,117,63
287040,Pass,19,2.0,0.1423728813559322,P3,55,117,63
287204,Pass,11,4.0,0.5498281786941581,P3,55,117,63
287210,Pass,54,1.0,0.08974358974358974,P3,55,117,63
288994,Fail,0,,,P3,55,117,63
289449,Pass,18,1.0,0.08118081180811808,P3,55,117,63
290164,Pass,34,0.0,0.4593967517401392,P3,55,117,63
292525,Pass,4,58.0,1.0,P3,55,117,63
292775,Pass,31,2.0,0.08958333333333333,P3,55,117,63
293824,Pass,57,0.0,0.14953886693017127,P3,55,117,63
294496,Pass,22,19.0,0.256,P3,55,117,63
294655,Fail,34,0.0,0.15521628498727735,P3,55,117,63
295060,Fail,29,0.0,0.21495327102803738,P3,55,117,63
295075,Pass,9,5.0,0.02056555269922879,P3,55,117,63
296424,Pass,32,1.0,0.125,P3,55,117,63
298034,Fail,22,3.0,0.154296875,P3,55,117,63
298838,Pass,26,5.0,0.2936046511627907,P3,55,117,63
301967,Pass,7,10.0,0.5769230769230769,P3,55,117,63
303521,Pass,31,0.0,0.08493150684931507,P3,55,117,63
303985,Pass,1,59.0,1.0,P3,55,117,63
304465,Pass,39,0.0,0.07713884992987377,P3,55,117,63
306646,Pass,4,10.0,0.8461538461538461,P3,55,117,63
309142,Pass,8,3.0,0.3181818181818182,P3,55,117,63
310412,Pass,20,9.0,0.0018214936247723133,P3,55,117,63
311235,Pass,7,0.0,0.03731343283582089,P3,55,117,63
311659,Fail,2,0.0,0.0,P3,55,117,63
313937,Pass,54,0.0,0.0921875,P3,55,117,63
315076,Pass,25,9.0,0.2595419847328244,P3,55,117,63
323370,Pass,19,29.0,0.03667481662591687,P3,55,117,63
328024,Pass,22,0.0,0.2641025641025641,P3,55,117,63
329659,Fail,4,8.0,0.020618556701030927,P3,55,117,63
330594,Pass,15,2.0,0.36363636363636365,P3,55,117,63
332884,Pass,27,4.0,0.0136986301369863,P3,55,117,63
334441,Fail,9,5.0,0.1702127659574468,P3,55,117,63
335247,Pass,9,14.0,0.639344262295082,P3,55,117,63
335764,Pass,10,9.0,0.1346153846153846,P3,55,117,63
337748,Withdrawn,0,,,P3,55,117,63
338407,Pass,5,39.0,0.9722222222222222,P3,55,117,63
342007,Pass,27,2.0,0.0,P3,55,117,63
345440,Pass,4,25.0,0.782608695652174,P3,55,117,63
345519,Pass,18,9.0,0.17647058823529413,P3,55,117,63
346118,Pass,7,13.0,0.7560975609756098,P3,55,117,63
348275,Withdrawn,5,3.0,0.0,P3,55,117,63
348807,Pass,4,24.0,0.05970149253731343,P3,55,117,63
350156,Pass,6,31.0,0.7666666666666667,P3,55,117,63
350939,Pass,24,2.0,0.11846689895470383,P3,55,117,63
351336,Pass,27,0.0,0.14864864864864866,P3,55,117,63
353665,Pass,7,47.0,0.9759036144578314,P3,55,117,63
354170,Fail,12,4.0,0.35555555555555557,P3,55,117,63
356170,Pass,9,35.0,0.8083333333333333,P3,55,117,63
358182,Pass,20,0.0,0.07142857142857142,P3,55,117,63
364957,Pass,20,0.0,0.4919093851132686,P3,55,117,63
369834,Withdrawn,29,4.0,0.1829787234042553,P3,55,117,63
371710,Pass,33,0.0,0.24580152671755726,P3,55,117,63
373872,Pass,8,1.0,0.22337662337662337,P3,55,117,63
375260,Pass,30,2.0,0.20388349514563106,P3,55,117,63
375646,Pass,8,2.0,0.550561797752809,P3,55,117,63
381642,Withdrawn,24,4.0,0.3776978417266187,P3,55,117,63
382095,Pass,34,0.0,0.22245322245322247,P3,55,117,63
383180,Withdrawn,12,0.0,0.0,P3,55,117,63
383600,Pass,8,10.0,0.7155172413793104,P3,55,117,63
383723,Pass,57,0.0,0.20177838577291382,P3,55,117,63
384203,Pass,37,0.0,0.08101851851851852,P3,55,117,63
384725,Pass,28,0.0,0.3169203222918532,P3,55,117,63
387533,Fail,8,21.0,0.07579462102689487,P3,55,117,63
388147,Fail,9,0.0,0.0,P3,55,117,63
390890,Pass,5,30.0,0.8571428571428571,P3,55,117,63
396599,Fail,12,1.0,0.023809523809523808,P3,55,117,63
396655,Fail,11,1.0,0.0,P3,55,117,63
398171,Pass,27,0.0,0.23298429319371727,P3,55,117,63
398349,Pass,36,0.0,0.24665391969407266,P3,55,117,63
400147,Pass,5,29.0,0.6119402985074627,P3,55,117,63
400682,Pass,15,8.0,0.3240223463687151,P3,55,117,63
401404,Pass,20,0.0,0.37012987012987014,P3,55,117,63
402204,Pass,15,0.0,0.04411764705882353,P3,55,117,63
402727,Pass,9,10.0,0.375,P3,55,117,63
402961,Pass,40,1.0,0.1739961759082218,P3,55,117,63
404356,Pass,18,1.0,0.17857142857142858,P3,55,117,63
406671,Pass,8,0.0,0.4318181818181818,P3,55,117,63
409100,Pass,30,2.0,0.14213197969543148,P3,55,117,63
409703,Pass,32,1.0,0.13323572474377746,P3,55,117,63
410092,Pass,4,20.0,0.375,P3,55,117,63
411971,Pass,8,0.0,0.3411764705882353,P3,55,117,63
415969,Fail,3,4.0,0.34375,P3,55,117,63
418731,Fail,1,53.0,0.0,P3,55,117,63
421455,Pass,22,7.0,0.5287769784172662,P3,55,117,63
424577,Pass,30,2.0,0.17580340264650285,P3,55,117,63
431025,Fail,3,40.0,0.0,P3,55,117,63
439305,Pass,5,39.0,0.896551724137931,P3,55,117,63
440319,Withdrawn,9,0.0,0.0,P3,55,117,63
442064,Pass,8,9.0,0.23076923076923078,P3,55,117,63
442132,Pass,4,10.0,0.1875,P3,55,117,63
446108,Pass,16,1.0,0.35172413793103446,P3,55,117,63
447481,Pass,8,0.0,0.32,P3,55,117,63
468120,Fail,2,21.0,0.0,P3,55,117,63
468694,Withdrawn,2,6.0,0.3333333333333333,P3,55,117,63
470588,Withdrawn,3,0.0,0.0,P3,55,117,63
470982,Pass,14,3.0,0.36134453781512604,P3,55,117,63
481022,Fail,3,38.0,0.3,P3,55,117,63
483800,Pass,9,7.0,0.1568627450980392,P3,55,117,63
484897,Pass,13,11.0,0.4774774774774775,P3,55,117,63
485962,Pass,25,5.0,0.3322784810126582,P3,55,117,63
488990,Pass,11,2.0,0.0,P3,55,117,63
500113,Pass,8,5.0,0.07042253521126761,P3,55,117,63
503889,Pass,44,0.0,0.10365853658536585,P3,55,117,63
518808,Pass,12,3.0,0.1595744680851064,P3,55,117,63
527801,Fail,14,2.0,0.3532934131736527,P3,55,117,63
533068,Pass,12,15.0,0.392,P3,55,117,63
537081,Fail,12,1.0,0.1206896551724138,P3,55,117,63
544253,Pass,35,0.0,0.06769230769230769,P3,55,117,63
548120,Pass,13,10.0,0.189873417721519,P3,55,117,63
570317,Pass,7,20.0,0.6764705882352942,P3,55,117,63
574505,Pass,17,3.0,0.12871287128712872,P3,55,117,63
588477,Pass,50,0.0,0.11764705882352941,P3,55,117,63
593846,Withdrawn,15,4.0,0.13278008298755187,P3,55,117,63
593987,Fail,17,3.0,0.0029940119760479044,P3,55,117,63
596288,Pass,4,10.0,0.8297872340425532,P3,55,117,63
603834,Pass,3,7.0,0.6666666666666666,P3,55,117,63
603861,Withdrawn,8,11.0,0.1935483870967742,P3,55,117,63
623840,Pass,15,3.0,0.38408304498269896,P3,55,117,63
626240,Pass,5,11.0,0.5,P3,55,117,63
630142,Withdrawn,10,3.0,0.24347826086956523,P3,55,117,63
637665,Pass,29,1.0,0.12430426716141002,P3,55,117,63
639053,Pass,10,10.0,0.0,P3,55,117,63
648130,Withdrawn,12,4.0,0.05343511450381679,P3,55,117,63
676546,Withdrawn,7,4.0,0.26666666666666666,P3,55,117,63
677186,Pass,8,7.0,0.13043478260869565,P3,55,117,63
677281,Fail,4,1.0,0.0,P3,55,117,63
684180,Pass,2,36.0,0.46875,P3,55,117,63
687698,Pass,6,38.0,0.5625,P3,55,117,63
696073,Pass,23,5.0,0.11839708561020036,P3,55,117,63
696578,Withdrawn,4,58.0,1.0,P3,55,117,63
721259,Withdrawn,16,5.0,0.024615384615384615,P3,55,117,63
852847,Fail,3,12.0,0.0,P3,55,117,63
998493,Pass,53,0.0,0.17708978328173375,P3,55,117,63
1045203,Pass,34,0.0,0.02895752895752896,P3,55,117,63
1112555,Pass,21,0.0,0.18867924528301888,P3,55,117,63
1183831,Withdrawn,34,3.0,0.09266943291839558,P3,55,117,63
1268696,Pass,7,17.0,0.16455696202531644,P3,55,117,63
1336190,Pass,12,1.0,0.0,P3,55,117,63
1352868,Pass,22,2.0,0.0380952380952381,P3,55,117,63
1398979,Withdrawn,49,0.0,0.10721649484536082,P3,55,117,63
1471214,Pass,8,2.0,0.4429223744292237,P3,55,117,63
1472925,Pass,5,0.0,0.0,P3,55,117,63
1484804,Pass,38,2.0,0.264,P3,55,117,63
1511033,Pass,10,7.0,0.14213197969543148,P3,55,117,63
1609002,Pass,21,4.0,0.40828402366863903,P3,55,117,63
1715896,Pass,44,0.0,0.1686746987951807,P3,55,117,63
1721270,Pass,11,3.0,0.3592814371257485,P3,55,117,63
1757766,Pass,35,0.0,0.1433628318584071,P3,55,117,63
1773377,Pass,13,0.0,0.034722222222222224,P3,55,117,63
1799111,Pass,18,0.0,0.15789473684210525,P3,55,117,63
1818673,Fail,0,,,P3,55,117,63
1926668,Pass,11,0.0,0.09699769053117784,P3,55,117,63
1947156,Pass,18,3.0,0.08333333333333333,P3,55,117,63
1967783,Pass,19,1.0,0.10178571428571428,P3,55,117,63
1970390,Pass,34,2.0,0.20503597122302158,P3,55,117,63
1975209,Pass,38,2.0,0.1002710027100271,P3,55,117,63
2010232,Pass,32,0.0,0.2093425605536332,P3,55,117,63
2045084,Fail,1,0.0,0.0,P3,55,117,63
2057803,Pass,32,0.0,0.15257352941176472,P3,55,117,63
2073016,Fail,0,,,P3,55,117,63
2085209,Pass,53,0.0,0.12102874432677761,P3,55,117,63
2086400,Pass,44,0.0,0.13630731102850063,P3,55,117,63
2139353,Pass,8,41.0,0.7337278106508875,P3,55,117,63
2148681,Pass,28,2.0,0.017699115044247787,P3,55,117,63
2165164,Pass,20,0.0,0.18779342723004694,P3,55,117,63
2168833,Withdrawn,0,,,P3,55,117,63
2207874,Fail,4,0.0,0.16666666666666666,P3,55,117,63
2240349,Pass,21,0.0,0.096,P3,55,117,63
2273119,Withdrawn,0,,,P3,55,117,63
2277857,Pass,36,0.0,0.12020905923344948,P3,55,117,63
2297896,Pass,9,7.0,0.2366412213740458,P3,55,117,63
2318055,Pass,9,9.0,0.10948905109489052,P3,55,117,63
2330254,Pass,42,0.0,0.037037037037037035,P3,55,117,63
2355470,Pass,12,21.0,0.2222222222222222,P3,55,117,63
2358969,Pass,21,0.0,0.07021276595744681,P3,55,117,63
2369415,Pass,15,6.0,0.14049586776859505,P3,55,117,63
2375975,Pass,30,0.0,0.059001512859304085,P3,55,117,63
2397661,Pass,3,59.0,1.0,P3,55,117,63
2398313,Pass,26,0.0,0.043478260869565216,P3,55,117,63
2404408,Fail,23,1.0,0.08433734939759036,P3,55,117,63
2425993,Pass,4,32.0,0.5714285714285714,P3,55,117,63
2429854,Fail,3,36.0,0.0,P3,55,117,63
2432796,Pass,16,2.0,0.6830601092896175,P3,55,117,63
2434159,Pass,8,10.0,0.6428571428571429,P3,55,117,63
2436812,Fail,11,3.0,0.410958904109589,P3,55,117,63
2467267,Pass,8,3.0,0.2647058823529412,P3,55,117,63
2470694,Fail,17,6.0,0.16990291262135923,P3,55,117,63
2473538,Pass,10,5.0,0.0,P3,55,117,63
2474849,Withdrawn,0,,,P3,55,117,63
2494700,Pass,48,0.0,0.28061224489795916,P3,55,117,63
2500258,Pass,25,9.0,0.11397849462365592,P3,55,117,63
2509639,Pass,12,5.0,0.07246376811594203,P3,55,117,63
2514898,Pass,15,14.0,0.024489795918367346,P3,55,117,63
2521865,Pass,43,3.0,0.14243973703433163,P3,55,117,63
2522927,Pass,32,1.0,0.20875420875420875,P3,55,117,63
2540168,Withdrawn,6,24.0,0.03571428571428571,P3,55,117,63
2551797,Pass,7,5.0,0.2698412698412698,P3,55,117,63
2551932,Withdrawn,26,2.0,0.10119047619047619,P3,55,117,63
2569324,Pass,14,0.0,0.4896551724137931,P3,55,117,63
2574990,Fail,14,4.0,0.7969924812030075,P3,55,117,63
2576122,Fail,0,,,P3,55,117,63
2578676,Pass,27,1.0,0.2297872340425532,P3,55,117,63
2581477,Pass,47,0.0,0.18501702610669693,P3,55,117,63
2584873,Pass,11,0.0,0.7777777777777778,P3,55,117,63
2595841,Fail,12,1.0,0.1242603550295858,P3,55,117,63
2596621,Pass,53,0.0,0.09866102889358704,P3,55,117,63
2601889,Pass,29,1.0,0.16129032258064516,P3,55,117,63
2602338,Fail,19,0.0,0.02097902097902098,P3,55,117,63
2606802,Fail,9,8.0,0.5789473684210527,P3,55,117,63
2624961,Fail,8,0.0,0.3684210526315789,P3,55,117,63
2633226,Pass,7,0.0,0.0,P3,55,117,63
2642616,Pass,25,3.0,0.16049382716049382,P3,55,117,63
2648611,Pass,31,0.0,0.11643835616438356,P3,55,117,63
2649800,Pass,19,0.0,0.3169642857142857,P3,55,117,63
2654628,Pass,9,1.0,0.2608695652173913,P3,55,117,63
2677624,Pass,7,46.0,0.4129032258064516,P3,55,117,63
2680312,Pass,34,0.0,0.24943052391799544,P3,55,117,63
2688166,Pass,9,0.0,0.0,P3,55,117,63
2692514,Pass,59,0.0,0.19640852974186307,P3,55,117,63
2694788,Fail,5,4.0,0.058823529411764705,P3,55,117,63
6516,Pass,31,0.0,0.21330724070450097,P4,118,166,49
24734,Pass,9,0.0,0.36538461538461536,P4,118,166,49
28061,Pass,27,5.0,0.20093457943925233,P4,118,166,49
31600,Pass,2,44.0,1.0,P4,118,166,49
46844,Pass,7,0.0,0.03125,P4,118,166,49
52765,Pass,23,0.0,0.14084507042253522,P4,118,166,49
55104,Pass,13,0.0,0.3055555555555556,P4,118,166,49
58071,Pass,20,2.0,0.017057569296375266,P4,118,166,49
58316,Pass,11,0.0,0.73,P4,118,166,49
62487,Pass,4,11.0,0.2692307692307692,P4,118,166,49
63165,Pass,13,10.0,0.192,P4,118,166,49
65002,Fail,0,,,P4,118,166,49
70011,Pass,43,2.0,0.21470781352593565,P4,118,166,49
75255,Pass,8,0.0,0.0,P4,118,166,49
85092,Pass,4,6.0,0.9661016949152542,P4,118,166,49
85144,Pass,14,0.0,0.39,P4,118,166,49
85302,Pass,25,3.0,0.3333333333333333,P4,118,166,49
87431,Withdrawn,4,17.0,0.1509433962264151,P4,118,166,49
94961,Pass,20,2.0,0.16580310880829016,P4,118,166,49
95755,Withdrawn,0,,,P4,118,166,49
101116,Pass,28,4.0,0.03225806451612903,P4,118,166,49
107489,Pass,39,0.0,0.1323024054982818,P4,118,166,49
108872,Pass,12,5.0,0.0641025641025641,P4,118,166,49
109155,Pass,22,7.0,0.25366876310272535,P4,118,166,49
111512,Fail,0,,,P4,118,166,49
117818,Pass,25,0.0,0.13270142180094788,P4,118,166,49
119902,Withdrawn,10,11.0,0.08984375,P4,118,166,49
121349,Pass,20,3.0,0.02463768115942029,P4,118,166,49
125018,Pass,29,3.0,0.08470588235294117,P4,118,166,49
130034,Pass,17,0.0,0.1686046511627907,P4,118,166,49
130547,Pass,10,9.0,0.3046875,P4,118,166,49
130636,Pass,2,22.0,0.41379310344827586,P4,118,166,49
131390,Pass,1,6.0,0.0,P4,118,166,49
133816,Pass,30,3.0,0.16820276497695852,P4,118,166,49
133922,Pass,7,14.0,0.5892857142857143,P4,118,166,49
135400,Pass,2,2.0,0.0,P4,118,166,49
139033,Fail,15,7.0,0.2570093457943925,P4,118,166,49
141377,Pass,7,4.0,0.0449438202247191,P4,118,166,49
141506,Fail,1,45.0,1.0,P4,118,166,49
146503,Pass,9,2.0,0.08333333333333333,P4,118,166,49
147756,Pass,17,1.0,0.10084033613445378,P4,118,166,49
148993,Pass,25,4.0,0.05533596837944664,P4,118,166,49
149741,Pass,14,6.0,0.005714285714285714,P4,118,166,49
149962,Pass,2,0.0,0.0,P4,118,166,49
151587,Withdrawn,4,11.0,0.3,P4,118,166,49
155984,Pass,19,0.0,0.38235294117647056,P4,118,166,49
158707,Withdrawn,17,3.0,0.0,P4,118,166,49
159954,Withdrawn,26,1.0,0.09748427672955975,P4,118,166,49
164944,Pass,21,0.0,0.5681818181818182,P4,118,166,49
165226,Fail,0,,,P4,118,166,49
167961,Pass,22,0.0,0.06390977443609022,P4,118,166,49
174024,Pass,6,4.0,0.018315018315018316,P4,118,166,49
174094,Pass,41,0.0,0.07692307692307693,P4,118,166,49
174745,Pass,9,5.0,0.15161290322580645,P4,118,166,49
175447,Pass,28,4.0,0.11490125673249552,P4,118,166,49
183057,Pass,8,13.0,0.05128205128205128,P4,118,166,49
185350,Fail,1,43.0,1.0,P4,118,166,49
188278,Pass,26,2.0,0.3784355179704017,P4,118,166,49
199636,Pass,9,4.0,0.15444015444015444,P4,118,166,49
199897,Pass,22,0.0,0.08163265306122448,P4,118,166,49
200804,Pass,14,1.0,0.4433497536945813,P4,118,166,49
205494,Pass,15,1.0,0.021148036253776436,P4,118,166,49
228383,Pass,16,1.0,0.2541436464088398,P4,118,166,49
232307,Pass,4,0.0,0.9696969696969697,P4,118,166,49
235068,Pass,26,2.0,0.10215053763440861,P4,118,166,49
235507,Pass,17,4.0,0.34285714285714286,P4,118,166,49
236875,Pass,4,16.0,0.52,P4,118,166,49
237274,Pass,34,2.0,0.12953367875647667,P4,118,166,49
243510,Fail,8,0.0,0.1724137931034483,P4,118,166,49
244246,Pass,15,0.0,0.0,P4,118,166,49
252073,Pass,20,1.0,0.4180327868852459,P4,118,166,49
260623,Pass,16,0.0,0.007352941176470588,P4,118,166,49
263251,Pass,17,4.0,0.24661246612466126,P4,118,166,49
263543,Pass,26,2.0,0.06470588235294118,P4,118,166,49
266524,Pass,5,2.0,0.6166666666666667,P4,118,166,49
268733,Fail,0,,,P4,118,166,49
273346,Pass,20,2.0,0.369281045751634,P4,118,166,49
274947,Withdrawn,4,0.0,0.0,P4,118,166,49
275792,Pass,7,8.0,0.2972972972972973,P4,118,166,49
277123,Fail,6,29.0,0.9647058823529412,P4,118,166,49
281077,Pass,8,0.0,0.07407407407407407,P4,118,166,49
281636,Pass,22,0.0,0.20363636363636364,P4,118,166,49
285315,Pass,10,2.0,0.29347826086956524,P4,118,166,49
287040,Pass,19,0.0,0.3118279569892473,P4,118,166,49
287204,Pass,13,4.0,0.2905405405405405,P4,118,166,49
287210,Pass,39,0.0,0.0472636815920398,P4,118,166,49
288994,Fail,0,,,P4,118,166,49
289449,Pass,21,3.0,0.04276315789473684,P4,118,166,49
290164,Pass,32,2.0,0.20910075839653305,P4,118,166,49
292525,Pass,4,45.0,1.0,P4,118,166,49
292775,Pass,17,4.0,0.2540983606557377,P4,118,166,49
293824,Pass,47,0.0,0.07268370607028754,P4,118,166,49
294496,Pass,23,0.0,0.28125,P4,118,166,49
294655,Fail,15,2.0,0.08018867924528301,P4,118,166,49
295060,Fail,13,3.0,0.47191011235955055,P4,118,166,49
295075,Pass,6,4.0,0.0,P4,118,166,49
296424,Pass,31,2.0,0.11152416356877323,P4,118,166,49
298034,Fail,20,8.0,0.00554016620498615,P4,118,166,49
298838,Pass,21,2.0,0.46120689655172414,P4,118,166,49
301967,Pass,5,39.0,0.8333333333333334,P4,118,166,49
303521,Pass,38,0.0,0.04087677725118483,P4,118,166,49
303985,Pass,6,5.0,0.7857142857142857,P4,118,166,49
304465,Pass,34,1.0,0.14963503649635038,P4,118,166,49
306646,Pass,4,45.0,1.0,P4,118,166,49
309142,Pass,8,29.0,0.4019607843137255,P4,118,166,49
310412,Pass,21,1.0,0.04155844155844156,P4,118,166,49
311235,Pass,6,4.0,0.0,P4,118,166,49
311659,Fail,0,,,P4,118,166,49
313937,Pass,45,1.0,0.09652777777777778,P4,118,166,49
315076,Pass,18,2.0,0.0,P4,118,166,49
323370,Pass,17,5.0,0.39226519337016574,P4,118,166,49
328024,Pass,26,1.0,0.17592592592592593,P4,118,166,49
329659,Fail,5,3.0,0.1,P4,118,166,49
330594,Pass,23,9.0,0.13636363636363635,P4,118,166,49
332884,Pass,33,2.0,0.03,P4,118,166,49
334441,Fail,10,9.0,0.4,P4,118,166,49
335247,Pass,7,12.0,0.4772727272727273,P4,118,166,49
335764,Pass,17,6.0,0.23754789272030652,P4,118,166,49
338407,Pass,2,31.0,0.6,P4,118,166,49
342007,Pass,30,1.0,0.041176470588235294,P4,118,166,49
345440,Pass,2,44.0,1.0,P4,118,166,49
345519,Pass,16,13.0,0.35384615384615387,P4,118,166,49
346118,Pass,6,5.0,0.7419354838709677,P4,118,166,49
348807,Pass,5,3.0,0.0,P4,118,166,49
350156,Pass,12,0.0,0.1347517730496454,P4,118,166,49
350939,Pass,16,1.0,0.19665271966527198,P4,118,166,49
351336,Pass,17,0.0,0.20175438596491227,P4,118,166,49
353665,Pass,8,1.0,0.9047619047619048,P4,118,166,49
354170,Fail,9,22.0,0.5970149253731343,P4,118,166,49
356170,Pass,8,17.0,0.1694915254237288,P4,118,166,49
358182,Pass,34,0.0,0.25,P4,118,166,49
364957,Pass,14,0.0,0.2626728110599078,P4,118,166,49
369834,Withdrawn,19,0.0,0.10572687224669604,P4,118,166,49
371710,Pass,22,0.0,0.1037463976945245,P4,118,166,49
373872,Pass,17,2.0,0.21235521235521235,P4,118,166,49
375260,Pass,41,2.0,0.19523809523809524,P4,118,166,49
375646,Pass,8,0.0,0.38461538461538464,P4,118,166,49
381642,Withdrawn,27,4.0,0.21631205673758866,P4,118,166,49
382095,Pass,32,0.0,0.19391634980988592,P4,118,166,49
383180,Withdrawn,4,9.0,0.0,P4,118,166,49
383600,Pass,7,13.0,0.7803030303030303,P4,118,166,49
383723,Pass,47,0.0,0.08692365835222977,P4,118,166,49
384203,Pass,40,1.0,0.1530398322851153,P4,118,166,49
384725,Pass,24,3.0,0.32196969696969696,P4,118,166,49
387533,Fail,7,0.0,0.013888888888888888,P4,118,166,49
388147,Fail,0,,,P4,118,166,49
390890,Pass,4,10.0,0.7037037037037037,P4,118,166,49
396599,Fail,8,8.0,0.02127659574468085,P4,118,166,49
396655,Fail,7,1.0,0.0,P4,118,166,49
398171,Pass,26,0.0,0.03508771929824561,P4,118,166,49
398349,Pass,30,3.0,0.20657894736842106,P4,118,166,49
400147,Pass,10,4.0,0.5066666666666667,P4,118,166,49
400682,Pass,7,27.0,0.3933333333333333,P4,118,166,49
401404,Pass,21,4.0,0.2152777777777778,P4,118,166,49
402204,Pass,9,5.0,0.09090909090909091,P4,118,166,49
402727,Pass,11,10.0,0.16417910447761194,P4,118,166,49
402961,Pass,31,1.0,0.17806603773584906,P4,118,166,49
404356,Pass,17,1.0,0.1050228310502283,P4,118,166,49
406671,Pass,7,14.0,0.3157894736842105,P4,118,166,49
409100,Pass,29,1.0,0.16524216524216523,P4,118,166,49
409703,Pass,27,2.0,0.03146853146853147,P4,118,166,49
410092,Pass,3,9.0,0.75,P4,118,166,49
411971,Pass,9,12.0,0.0,P4,118,166,49
415969,Fail,2,0.0,0.16666666666666666,P4,118,166,49
418731,Fail,2,32.0,0.5714285714285714,P4,118,166,49
421455,Pass,20,3.0,0.1937984496124031,P4,118,166,49
424577,Pass,18,0.0,0.051181102362204724,P4,118,166,49
431025,Fail,4,18.0,0.0,P4,118,166,49
439305,Pass,9,4.0,0.25735294117647056,P4,118,166,49
440319,Withdrawn,12,2.0,0.0,P4,118,166,49
442064,Pass,8,1.0,0.1728395061728395,P4,118,166,49
442132,Pass,0,,,P4,118,166,49
446108,Pass,9,13.0,0.808695652173913,P4,118,166,49
447481,Pass,2,33.0,0.7741935483870968,P4,118,166,49
468120,Fail,1,4.0,0.0,P4,118,166,49
468694,Withdrawn,6,3.0,0.2903225806451613,P4,118,166,49
470588,Withdrawn,5,5.0,0.0,P4,118,166,49
470982,Pass,10,3.0,0.0,P4,118,166,49
481022,Fail,1,41.0,0.0,P4,118,166,49
483800,Pass,13,1.0,0.2891566265060241,P4,118,166,49
484897,Pass,8,5.0,0.8095238095238095,P4,118,166,49
485962,Pass,18,4.0,0.3142857142857143,P4,118,166,49
488990,Pass,4,8.0,0.046153846153846156,P4,118,166,49
500113,Pass,4,0.0,0.057692307692307696,P4,118,166,49
503889,Pass,37,0.0,0.13333333333333333,P4,118,166,49
518808,Pass,16,13.0,0.2582781456953642,P4,118,166,49
527801,Fail,7,6.0,0.2,P4,118,166,49
533068,Pass,7,10.0,0.09090909090909091,P4,118,166,49
537081,Fail,12,0.0,0.24183006535947713,P4,118,166,49
544253,Pass,29,1.0,0.10773480662983426,P4,118,166,49
548120,Pass,15,2.0,0.22695035460992907,P4,118,166,49
570317,Pass,14,2.0,0.4,P4,118,166,49
574505,Pass,13,4.0,0.13815789473684212,P4,118,166,49
588477,Pass,34,1.0,0.15637065637065636,P4,118,166,49
593846,Withdrawn,6,0.0,0.31958762886597936,P4,118,166,49
593987,Fail,18,4.0,0.3123123123123123,P4,118,166,49
596288,Pass,5,13.0,0.7843137254901961,P4,118,166,49
603834,Pass,6,3.0,0.17647058823529413,P4,118,166,49
623840,Pass,13,13.0,0.24358974358974358,P4,118,166,49
626240,Pass,21,6.0,0.35714285714285715,P4,118,166,49
630142,Withdrawn,4,44.0,1.0,P4,118,166,49
637665,Pass,25,0.0,0.07926829268292683,P4,118,166,49
639053,Pass,3,8.0,0.3333333333333333,P4,118,166,49
648130,Withdrawn,7,6.0,0.36363636363636365,P4,118,166,49
676546,Withdrawn,3,3.0,0.2857142857142857,P4,118,166,49
677186,Pass,9,0.0,0.1111111111111111,P4,118,166,49
677281,Fail,0,,,P4,118,166,49
684180,Pass,2,6.0,0.0,P4,118,166,49
687698,Pass,3,6.0,0.4,P4,118,166,49
696073,Pass,19,1.0,0.15355805243445692,P4,118,166,49
696578,Withdrawn,9,2.0,0.0,P4,118,166,49
852847,Fail,6,0.0,0.0,P4,118,166,49
998493,Pass,48,0.0,0.14021000617665225,P4,118,166,49
1045203,Pass,22,0.0,0.01984126984126984,P4,118,166,49
1112555,Pass,29,0.0,0.3075117370892019,P4,118,166,49
1183831,Withdrawn,23,9.0,0.48378728923476005,P4,118,166,49
1268696,Pass,1,28.0,0.0,P4,118,166,49
1336190,Pass,3,15.0,0.0,P4,118,166,49
1352868,Pass,19,0.0,0.29545454545454547,P4,118,166,49
1398979,Withdrawn,44,0.0,0.0990990990990991,P4,118,166,49
1471214,Pass,7,11.0,0.9823943661971831,P4,118,166,49
1472925,Pass,4,7.0,0.0,P4,118,166,49
1484804,Pass,36,0.0,0.09491525423728814,P4,118,166,49
1511033,Pass,8,14.0,0.09401709401709402,P4,118,166,49
1609002,Pass,16,3.0,0.05161290322580645,P4,118,166,49
1715896,Pass,28,1.0,0.12338425381903642,P4,118,166,49
1721270,Pass,10,3.0,0.04918032786885246,P4,118,166,49
1757766,Pass,20,10.0,0.029069767441860465,P4,118,166,49
1773377,Pass,9,2.0,0.62,P4,118,166,49
1799111,Pass,20,3.0,0.17088607594936708,P4,118,166,49
1818673,Fail,0,,,P4,118,166,49
1926668,Pass,14,0.0,0.1795774647887324,P4,118,166,49
1947156,Pass,15,4.0,0.21176470588235294,P4,118,166,49
1967783,Pass,19,0.0,0.07709251101321586,P4,118,166,49
1970390,Pass,19,0.0,0.07920792079207921,P4,118,166,49
1975209,Pass,33,1.0,0.08741258741258741,P4,118,166,49
2010232,Pass,21,2.0,0.4339622641509434,P4,118,166,49
2045084,Fail,1,14.0,0.0,P4,118,166,49
2057803,Pass,26,0.0,0.019138755980861243,P4,118,166,49
2073016,Fail,0,,,P4,118,166,49
2085209,Pass,42,0.0,0.1008668242710796,P4,118,166,49
2086400,Pass,46,0.0,0.19950738916256158,P4,118,166,49
2139353,Pass,20,0.0,0.15561959654178675,P4,118,166,49
2148681,Pass,16,4.0,0.07142857142857142,P4,118,166,49
2165164,Pass,15,2.0,0.3,P4,118,166,49
2207874,Fail,6,5.0,0.0,P4,118,166,49
2240349,Pass,21,0.0,0.05511811023622047,P4,118,166,49
2277857,Pass,35,1.0,0.10024449877750612,P4,118,166,49
2297896,Pass,10,3.0,0.2692307692307692,P4,118,166,49
2318055,Pass,13,0.0,0.3452914798206278,P4,118,166,49
2330254,Pass,21,0.0,0.08156028368794327,P4,118,166,49
2355470,Pass,4,8.0,0.6206896551724138,P4,118,166,49
2358969,Pass,20,1.0,0.006993006993006993,P4,118,166,49
2369415,Pass,10,0.0,0.1891891891891892,P4,118,166,49
2375975,Pass,32,5.0,0.056320400500625784,P4,118,166,49
2397661,Pass,9,30.0,0.9701986754966887,P4,118,166,49
2398313,Pass,20,0.0,0.025793650793650792,P4,118,166,49
2404408,Fail,0,,,P4,118,166,49
2425993,Pass,2,46.0,1.0,P4,118,166,49
2429854,Fail,0,,,P4,118,166,49
2432796,Pass,8,7.0,0.6949152542372882,P4,118,166,49
2434159,Pass,6,1.0,0.5454545454545454,P4,118,166,49
2436812,Fail,2,3.0,0.0,P4,118,166,49
2467267,Pass,3,13.0,0.0,P4,118,166,49
2470694,Fail,9,7.0,0.22935779816513763,P4,118,166,49
2473538,Pass,10,4.0,0.02054794520547945,P4,118,166,49
2494700,Pass,38,4.0,0.1672185430463576,P4,118,166,49
2500258,Pass,28,2.0,0.04085603112840467,P4,118,166,49
2509639,Pass,12,0.0,0.22,P4,118,166,49
2514898,Pass,13,9.0,0.25405405405405407,P4,118,166,49
2521865,Pass,20,0.0,0.17739403453689168,P4,118,166,49
2522927,Pass,31,4.0,0.16869565217391305,P4,118,166,49
2540168,Withdrawn,8,5.0,0.03125,P4,118,166,49
2551797,Pass,2,35.0,0.42857142857142855,P4,118,166,49
2551932,Withdrawn,11,0.0,0.3114754098360656,P4,118,166,49
2569324,Pass,7,4.0,0.0,P4,118,166,49
2574990,Fail,18,2.0,0.4471830985915493,P4,118,166,49
2576122,Fail,0,,,P4,118,166,49
2578676,Pass,31,1.0,0.2018348623853211,P4,118,166,49
2581477,Pass,42,0.0,0.07898550724637682,P4,118,166,49
2584873,Pass,23,0.0,0.3941176470588235,P4,118,166,49
2595841,Fail,4,8.0,0.25,P4,118,166,49
2596621,Pass,45,0.0,0.09450402144772117,P4,118,166,49
2601889,Pass,28,0.0,0.11989100817438691,P4,118,166,49
2602338,Fail,18,0.0,0.14743589743589744,P4,118,166,49
2606802,Fail,6,24.0,0.9210526315789473,P4,118,166,49
2624961,Fail,8,5.0,0.75,P4,118,166,49
2633226,Pass,5,11.0,0.28169014084507044,P4,118,166,49
2642616,Pass,26,0.0,0.08695652173913043,P4,118,166,49
2648611,Pass,23,1.0,0.0,P4,118,166,49
2649800,Pass,15,0.0,0.2392638036809816,P4,118,166,49
2654628,Pass,11,2.0,0.11864406779661017,P4,118,166,49
2677624,Pass,6,24.0,0.8991596638655462,P4,118,166,49
2680312,Pass,35,2.0,0.10781990521327015,P4,118,166,49
2688166,Pass,7,1.0,0.6981132075471698,P4,118,166,49
2692514,Pass,47,0.0,0.1972093023255814,P4,118,166,49
2694788,Fail,2,1.0,0.0,P4,118,166,49
6516,Pass,35,2.0,0.13448275862068965,P5,167,215,49
24734,Pass,12,8.0,0.43243243243243246,P5,167,215,49
28061,Pass,20,4.0,0.09375,P5,167,215,49
31600,Pass,5,3.0,0.37962962962962965,P5,167,215,49
46844,Pass,5,10.0,0.06666666666666667,P5,167,215,49
52765,Pass,31,0.0,0.13681592039800994,P5,167,215,49
55104,Pass,15,0.0,0.38461538461538464,P5,167,215,49
58071,Pass,20,0.0,0.0,P5,167,215,49
58316,Pass,13,3.0,0.5146198830409356,P5,167,215,49
62487,Pass,11,1.0,0.4266666666666667,P5,167,215,49
63165,Pass,13,4.0,0.029411764705882353,P5,167,215,49
65002,Fail,1,48.0,1.0,P5,167,215,49
70011,Pass,44,0.0,0.11164122137404581,P5,167,215,49
75255,Pass,16,5.0,0.312,P5,167,215,49
85092,Pass,7,23.0,0.8761467889908257,P5,167,215,49
85144,Pass,11,8.0,0.1076923076923077,P5,167,215,49
85302,Pass,23,1.0,0.43434343434343436,P5,167,215,49
87431,Withdrawn,5,5.0,0.0,P5,167,215,49
94961,Pass,13,3.0,0.3013698630136986,P5,167,215,49
95755,Withdrawn,2,4.0,0.5,P5,167,215,49
101116,Pass,31,0.0,0.09876543209876543,P5,167,215,49
107489,Pass,34,0.0,0.15469613259668508,P5,167,215,49
108872,Pass,10,1.0,0.5133689839572193,P5,167,215,49
109155,Pass,26,3.0,0.1336206896551724,P5,167,215,49
111512,Fail,0,,,P5,167,215,49
117818,Pass,19,0.0,0.14776632302405499,P5,167,215,49
121349,Pass,21,5.0,0.08620689655172414,P5,167,215,49
125018,Pass,20,2.0,0.13043478260869565,P5,167,215,49
130034,Pass,17,6.0,0.4675925925925926,P5,167,215,49
130547,Pass,15,4.0,0.26171875,P5,167,215,49
130636,Pass,0,,,P5,167,215,49
131390,Pass,1,7.0,0.0,P5,167,215,49
133816,Pass,24,3.0,0.2027439024390244,P5,167,215,49
133922,Pass,13,5.0,0.36585365853658536,P5,167,215,49
135400,Pass,7,3.0,0.0,P5,167,215,49
139033,Fail,10,8.0,0.06201550387596899,P5,167,215,49
141377,Pass,6,7.0,0.34210526315789475,P5,167,215,49
141506,Fail,0,,,P5,167,215,49
146503,Pass,10,2.0,0.16666666666666666,P5,167,215,49
147756,Pass,13,0.0,0.03614457831325301,P5,167,215,49
148993,Pass,38,0.0,0.12588652482269502,P5,167,215,49
149741,Pass,17,0.0,0.14028776978417265,P5,167,215,49
149962,Pass,1,12.0,0.0,P5,167,215,49
151587,Withdrawn,3,27.0,0.9090909090909091,P5,167,215,49
155984,Pass,24,0.0,0.3660245183887916,P5,167,215,49
164944,Pass,25,0.0,0.36416184971098264,P5,167,215,49
165226,Fail,0,,,P5,167,215,49
167961,Pass,13,3.0,0.4225352112676056,P5,167,215,49
174024,Pass,6,19.0,0.25,P5,167,215,49
174094,Pass,36,0.0,0.15756302521008403,P5,167,215,49
174745,Pass,5,0.0,0.484375,P5,167,215,49
175447,Pass,30,0.0,0.16666666666666666,P5,167,215,49
183057,Pass,10,18.0,0.0847457627118644,P5,167,215,49
185350,Fail,4,6.0,0.0,P5,167,215,49
188278,Pass,32,0.0,0.22727272727272727,P5,167,215,49
199636,Pass,15,2.0,0.2994011976047904,P5,167,215,49
199897,Pass,34,1.0,0.16802168021680217,P5,167,215,49
200804,Pass,9,1.0,0.5333333333333333,P5,167,215,49
205494,Pass,6,0.0,0.8,P5,167,215,49
228383,Pass,18,1.0,0.14496314496314497,P5,167,215,49
232307,Pass,7,4.0,0.7439024390243902,P5,167,215,49
235068,Pass,34,0.0,0.10633946830265849,P5,167,215,49
235507,Pass,23,1.0,0.23300970873786409,P5,167,215,49
236875,Pass,7,0.0,0.6271186440677966,P5,167,215,49
237274,Pass,29,0.0,0.25,P5,167,215,49
243510,Fail,8,3.0,0.4673913043478261,P5,167,215,49
244246,Pass,23,4.0,0.09186351706036745,P5,167,215,49
252073,Pass,12,10.0,0.26666666666666666,P5,167,215,49
260623,Pass,20,1.0,0.14444444444444443,P5,167,215,49
263251,Pass,13,5.0,0.5089285714285714,P5,167,215,49
263543,Pass,34,1.0,0.3333333333333333,P5,167,215,49
266524,Pass,2,44.0,1.0,P5,167,215,49
268733,Fail,0,,,P5,167,215,49
273346,Pass,30,1.0,0.11059907834101383,P5,167,215,49
274947,Withdrawn,1,34.0,0.0,P5,167,215,49
275792,Pass,12,3.0,0.10638297872340426,P5,167,215,49
277123,Fail,4,25.0,0.8809523809523809,P5,167,215,49
281077,Pass,18,1.0,0.2222222222222222,P5,167,215,49
281636,Pass,28,7.0,0.28225806451612906,P5,167,215,49
285315,Pass,8,7.0,0.5217391304347826,P5,167,215,49
287040,Pass,19,1.0,0.3123209169054441,P5,167,215,49
287204,Pass,6,10.0,0.171875,P5,167,215,49
287210,Pass,32,1.0,0.19805194805194806,P5,167,215,49
288994,Fail,0,,,P5,167,215,49
289449,Pass,15,3.0,0.14893617021276595,P5,167,215,49
290164,Pass,31,0.0,0.2955665024630542,P5,167,215,49
292525,Pass,4,24.0,0.9111111111111111,P5,167,215,49
292775,Pass,18,4.0,0.30837004405286345,P5,167,215,49
293824,Pass,39,0.0,0.20319303338171263,P5,167,215,49
294496,Pass,27,2.0,0.38557993730407525,P5,167,215,49
294655,Fail,21,3.0,0.23715415019762845,P5,167,215,49
295060,Fail,28,0.0,0.17587939698492464,P5,167,215,49
295075,Pass,8,10.0,0.005319148936170213,P5,167,215,49
296424,Pass,13,0.0,0.022727272727272728,P5,167,215,49
298034,Fail,17,11.0,0.07692307692307693,P5,167,215,49
298838,Pass,21,0.0,0.11046511627906977,P5,167,215,49
301967,Pass,5,37.0,0.5813953488372093,P5,167,215,49
303521,Pass,33,0.0,0.24338624338624337,P5,167,215,49
303985,Pass,3,11.0,0.42857142857142855,P5,167,215,49
304465,Pass,32,3.0,0.1836283185840708,P5,167,215,49
306646,Pass,4,24.0,0.95,P5,167,215,49
309142,Pass,10,8.0,0.3258426966292135,P5,167,215,49
310412,Pass,19,2.0,0.138801261829653,P5,167,215,49
311235,Pass,11,1.0,0.17674418604651163,P5,167,215,49
311659,Fail,1,41.0,0.0,P5,167,215,49
313937,Pass,45,0.0,0.12488262910798122,P5,167,215,49
315076,Pass,18,10.0,0.2907488986784141,P5,167,215,49
323370,Pass,14,18.0,0.34,P5,167,215,49
328024,Pass,16,0.0,0.15902140672782875,P5,167,215,49
329659,Fail,3,4.0,0.0,P5,167,215,49
330594,Pass,17,0.0,0.5,P5,167,215,49
332884,Pass,27,3.0,0.08275862068965517,P5,167,215,49
334441,Fail,6,11.0,0.5555555555555556,P5,167,215,49
335247,Pass,10,19.0,0.44360902255639095,P5,167,215,49
335764,Pass,25,2.0,0.32335329341317365,P5,167,215,49
338407,Pass,6,11.0,0.6571428571428571,P5,167,215,49
342007,Pass,28,5.0,0.1408839779005525,P5,167,215,49
345440,Pass,4,37.0,0.8125,P5,167,215,49
345519,Pass,17,12.0,0.4503311258278146,P5,167,215,49
346118,Pass,6,7.0,0.8604651162790697,P5,167,215,49
348807,Pass,7,0.0,0.0,P5,167,215,49
350156,Pass,6,9.0,0.24615384615384617,P5,167,215,49
350939,Pass,18,1.0,0.14285714285714285,P5,167,215,49
351336,Pass,21,0.0,0.26436781609195403,P5,167,215,49
353665,Pass,7,2.0,0.8775510204081632,P5,167,215,49
354170,Fail,16,3.0,0.1342281879194631,P5,167,215,49
356170,Pass,7,3.0,0.7256637168141593,P5,167,215,49
358182,Pass,12,6.0,0.16818181818181818,P5,167,215,49
364957,Pass,15,1.0,0.2033898305084746,P5,167,215,49
369834,Withdrawn,21,4.0,0.39915966386554624,P5,167,215,49
371710,Pass,15,5.0,0.23,P5,167,215,49
373872,Pass,19,3.0,0.44808743169398907,P5,167,215,49
375260,Pass,28,0.0,0.26605504587155965,P5,167,215,49
375646,Pass,11,13.0,0.144,P5,167,215,49
381642,Withdrawn,20,1.0,0.018867924528301886,P5,167,215,49
382095,Pass,22,0.0,0.029787234042553193,P5,167,215,49
383600,Pass,6,10.0,0.9547511312217195,P5,167,215,49
383723,Pass,42,0.0,0.19914346895074947,P5,167,215,49
384203,Pass,30,0.0,0.4340909090909091,P5,167,215,49
384725,Pass,25,3.0,0.11971830985915492,P5,167,215,49
387533,Fail,3,0.0,0.0,P5,167,215,49
388147,Fail,0,,,P5,167,215,49
390890,Pass,9,7.0,0.6,P5,167,215,49
396599,Fail,2,3.0,0.0,P5,167,215,49
396655,Fail,12,6.0,0.3804347826086957,P5,167,215,49
398171,Pass,23,3.0,0.12121212121212122,P5,167,215,49
398349,Pass,24,11.0,0.3259005145797599,P5,167,215,49
400147,Pass,5,4.0,0.7272727272727273,P5,167,215,49
400682,Pass,8,0.0,0.19111111111111112,P5,167,215,49
401404,Pass,21,2.0,0.36363636363636365,P5,167,215,49
402204,Pass,13,4.0,0.07476635514018691,P5,167,215,49
402727,Pass,6,7.0,0.0,P5,167,215,49
402961,Pass,18,6.0,0.09854014598540146,P5,167,215,49
404356,Pass,17,2.0,0.35233160621761656,P5,167,215,49
406671,Pass,6,5.0,0.1,P5,167,215,49
409100,Pass,25,2.0,0.1862348178137652,P5,167,215,49
409703,Pass,24,1.0,0.07076923076923076,P5,167,215,49
410092,Pass,8,2.0,0.0449438202247191,P5,167,215,49
411971,Pass,4,3.0,0.0,P5,167,215,49
415969,Fail,0,,,P5,167,215,49
418731,Fail,6,3.0,0.32142857142857145,P5,167,215,49
421455,Pass,15,4.0,0.2808219178082192,P5,167,215,49
424577,Pass,16,0.0,0.020100502512562814,P5,167,215,49
431025,Fail,1,21.0,0.0,P5,167,215,49
439305,Pass,2,3.0,0.15384615384615385,P5,167,215,49
442064,Pass,5,2.0,0.12903225806451613,P5,167,215,49
442132,Pass,5,6.0,0.10810810810810811,P5,167,215,49
446108,Pass,11,0.0,0.3116883116883117,P5,167,215,49
447481,Pass,6,3.0,0.034482758620689655,P5,167,215,49
468120,Fail,0,,,P5,167,215,49
468694,Withdrawn,4,0.0,0.95,P5,167,215,49
470588,Withdrawn,3,12.0,0.0,P5,167,215,49
470982,Pass,12,1.0,0.05263157894736842,P5,167,215,49
481022,Fail,1,5.0,0.0,P5,167,215,49
483800,Pass,12,0.0,0.84375,P5,167,215,49
484897,Pass,9,20.0,0.7368421052631579,P5,167,215,49
485962,Pass,11,10.0,0.2184873949579832,P5,167,215,49
488990,Pass,7,6.0,0.2,P5,167,215,49
500113,Pass,2,9.0,0.0,P5,167,215,49
503889,Pass,41,0.0,0.1554054054054054,P5,167,215,49
518808,Pass,8,21.0,0.03875968992248062,P5,167,215,49
527801,Fail,6,7.0,0.8793103448275862,P5,167,215,49
533068,Pass,4,18.0,0.64,P5,167,215,49
537081,Fail,10,4.0,0.5921052631578947,P5,167,215,49
544253,Pass,32,3.0,0.22009569377990432,P5,167,215,49
548120,Pass,16,0.0,0.4,P5,167,215,49
570317,Pass,10,1.0,0.5697674418604651,P5,167,215,49
574505,Pass,8,4.0,0.05185185185185185,P5,167,215,49
588477,Pass,45,0.0,0.08080808080808081,P5,167,215,49
593846,Withdrawn,6,4.0,0.45,P5,167,215,49
593987,Fail,17,3.0,0.34812286689419797,P5,167,215,49
596288,Pass,3,45.0,1.0,P5,167,215,49
603834,Pass,2,11.0,0.6,P5,167,215,49
623840,Pass,13,4.0,0.5041322314049587,P5,167,215,49
626240,Pass,11,4.0,0.08064516129032258,P5,167,215,49
637665,Pass,25,0.0,0.16,P5,167,215,49
639053,Pass,6,5.0,0.4,P5,167,215,49
648130,Withdrawn,8,2.0,0.5641025641025641,P5,167,215,49
677186,Pass,7,12.0,0.23880597014925373,P5,167,215,49
677281,Fail,0,,,P5,167,215,49
684180,Pass,1,19.0,0.0,P5,167,215,49
687698,Pass,0,,,P5,167,215,49
696073,Pass,11,3.0,0.10256410256410256,P5,167,215,49
852847,Fail,5,3.0,0.25,P5,167,215,49
998493,Pass,36,0.0,0.16618357487922705,P5,167,215,49
1045203,Pass,31,0.0,0.24605678233438485,P5,167,215,49
1112555,Pass,32,0.0,0.20581113801452786,P5,167,215,49
1268696,Pass,6,3.0,0.08333333333333333,P5,167,215,49
1336190,Pass,8,3.0,0.2689655172413793,P5,167,215,49
1352868,Pass,23,2.0,0.0,P5,167,215,49
1471214,Pass,5,32.0,0.9274193548387096,P5,167,215,49
1472925,Pass,8,4.0,0.5317460317460317,P5,167,215,49
1484804,Pass,33,0.0,0.2835820895522388,P5,167,215,49
1511033,Pass,6,20.0,0.07913669064748201,P5,167,215,49
1609002,Pass,16,3.0,0.02631578947368421,P5,167,215,49
1715896,Pass,31,1.0,0.11666666666666667,P5,167,215,49
1721270,Pass,9,1.0,0.2619047619047619,P5,167,215,49
1757766,Pass,30,3.0,0.12195121951219512,P5,167,215,49
1773377,Pass,12,0.0,0.42857142857142855,P5,167,215,49
1799111,Pass,20,5.0,0.0847457627118644,P5,167,215,49
1818673,Fail,0,,,P5,167,215,49
1926668,Pass,14,0.0,0.1368421052631579,P5,167,215,49
1947156,Pass,25,1.0,0.15934065934065933,P5,167,215,49
1967783,Pass,17,0.0,0.41810344827586204,P5,167,215,49
1970390,Pass,11,3.0,0.0,P5,167,215,49
1975209,Pass,25,2.0,0.038834951456310676,P5,167,215,49
2010232,Pass,26,4.0,0.17555555555555555,P5,167,215,49
2045084,Fail,0,,,P5,167,215,49
2057803,Pass,16,0.0,0.08571428571428572,P5,167,215,49
2073016,Fail,13,4.0,0.3333333333333333,P5,167,215,49
2085209,Pass,45,0.0,0.13134328358208955,P5,167,215,49
2086400,Pass,41,0.0,0.3105134474327628,P5,167,215,49
2139353,Pass,14,2.0,0.4117647058823529,P5,167,215,49
2148681,Pass,17,0.0,0.05263157894736842,P5,167,215,49
2165164,Pass,22,0.0,0.15476190476190477,P5,167,215,49
2207874,Fail,0,,,P5,167,215,49
2240349,Pass,16,0.0,0.6254416961130742,P5,167,215,49
2277857,Pass,17,0.0,0.18452380952380953,P5,167,215,49
2297896,Pass,5,3.0,0.043478260869565216,P5,167,215,49
2318055,Pass,19,0.0,0.30363036303630364,P5,167,215,49
2330254,Pass,28,0.0,0.2,P5,167,215,49
2355470,Pass,4,25.0,0.0,P5,167,215,49
2358969,Pass,20,1.0,0.08597285067873303,P5,167,215,49
2369415,Pass,12,3.0,0.16666666666666666,P5,167,215,49
2375975,Pass,30,0.0,0.22267206477732793,P5,167,215,49
2397661,Pass,13,0.0,0.667458432304038,P5,167,215,49
2398313,Pass,27,2.0,0.03160270880361174,P5,167,215,49
2404408,Fail,0,,,P5,167,215,49
2425993,Pass,5,0.0,0.4166666666666667,P5,167,215,49
2429854,Fail,0,,,P5,167,215,49
2432796,Pass,5,0.0,0.22807017543859648,P5,167,215,49
2434159,Pass,2,37.0,0.0,P5,167,215,49
2436812,Fail,3,4.0,0.0,P5,167,215,49
2467267,Pass,1,38.0,0.0,P5,167,215,49
2470694,Fail,8,12.0,0.38666666666666666,P5,167,215,49
2473538,Pass,6,12.0,0.06077348066298342,P5,167,215,49
2494700,Pass,33,2.0,0.1303370786516854,P5,167,215,49
2500258,Pass,25,0.0,0.23,P5,167,215,49
2509639,Pass,8,21.0,0.6,P5,167,215,49
2514898,Pass,18,1.0,0.10726643598615918,P5,167,215,49
2521865,Pass,20,2.0,0.055674518201284794,P5,167,215,49
2522927,Pass,30,1.0,0.16666666666666666,P5,167,215,49
2540168,Withdrawn,6,3.0,0.0,P5,167,215,49
2551797,Pass,5,17.0,0.2127659574468085,P5,167,215,49
2569324,Pass,7,2.0,0.0,P5,167,215,49
2574990,Fail,36,0.0,0.3046875,P5,167,215,49
2576122,Fail,0,,,P5,167,215,49
2578676,Pass,15,2.0,0.3473684210526316,P5,167,215,49
2581477,Pass,45,0.0,0.1619156214367161,P5,167,215,49
2584873,Pass,20,1.0,0.2571428571428571,P5,167,215,49
2595841,Fail,8,6.0,0.5463917525773195,P5,167,215,49
2596621,Pass,40,0.0,0.10942956926658906,P5,167,215,49
2601889,Pass,24,2.0,0.16666666666666666,P5,167,215,49
2602338,Fail,5,3.0,0.0,P5,167,215,49
2606802,Fail,5,4.0,0.0,P5,167,215,49
2624961,Fail,7,0.0,0.5454545454545454,P5,167,215,49
2633226,Pass,9,12.0,0.021897810218978103,P5,167,215,49
2642616,Pass,20,3.0,0.34210526315789475,P5,167,215,49
2648611,Pass,23,0.0,0.03496503496503497,P5,167,215,49
2649800,Pass,10,6.0,0.006172839506172839,P5,167,215,49
2654628,Pass,11,3.0,0.5294117647058824,P5,167,215,49
2677624,Pass,8,3.0,0.08571428571428572,P5,167,215,49
2680312,Pass,29,7.0,0.07313432835820896,P5,167,215,49
2688166,Pass,8,0.0,0.71875,P5,167,215,49
2692514,Pass,47,2.0,0.21957671957671956,P5,167,215,49
2694788,Fail,1,4.0,0.0,P5,167,215,49
